all0,all1,all2,all3,all4,all5,all6,all7,all8,all9,all10,all11,all12,all13,all14,call0,call1,call2,call3,call4,call5,call6,call7,call8,call9,call10,call11,call12,call13,call14,mit0,mit1,mit2,mit3,mit4,mit5,mit6,mit7,mit8,mit9,mit10,mit11,mit12,mit13,mit14,rl0,rl1,rl2,rl3,rl4,rl5,rl6,rl7,rl8,rl9,rl10,rl11,rl12,rl13,rl14
97,3271,1946,2710,45203,51149,22493,11599,40048,31744,75955,42805,53408,64463,28573,0,0,0,0,0,0,0,0,0,0,0,0,0,0,0,0,0,0,0,0,0,0,0,0,0,0,0,0,0,0,0,0,0,0,0,0,0,0,0,0,0,0,0,0,0
0,0,0,0,0,0,0,0,0,0,0,0,0,0,0,26,800,254,71,18152,11811,9529,1223,1854,2862,3407,1076,537,275,26,0,0,0,0,0,0,0,0,0,0,0,0,0,0,0,57,2151,966,630,47429,44213,25079,6533,14374,15185,29081,12555,9207,8421,1751
0,0,0,0,0,0,0,0,0,0,0,0,0,0,0,28,796,279,99,18769,12323,8477,1317,1772,2700,4359,1399,633,505,55,0,0,0,0,0,0,0,0,0,0,0,0,0,0,0,59,2192,1079,632,48282,48862,24855,8097,15626,15383,28578,14381,9222,8450,1581
0,0,0,0,0,0,0,0,0,0,0,0,0,0,0,27,830,269,82,18725,12666,9836,1314,1950,2973,3788,1205,613,373,33,0,0,0,0,0,0,0,0,0,0,0,0,0,0,0,58,2153,1031,622,48475,46745,24400,7402,14926,15209,28466,13707,8829,8116,1631
0,0,0,0,0,0,0,0,0,0,0,0,0,0,0,24,750,217,59,17556,10352,8840,984,1634,2794,2804,809,413,204,27,0,0,0,0,0,0,0,0,0,0,0,0,0,0,0,63,2252,1206,747,46174,52418,24828,9393,16861,14898,32656,17332,10414,10723,2263
0,0,0,0,0,0,0,0,0,0,0,0,0,0,0,21,701,175,35,16395,8790,8837,767,1437,2704,1776,471,290,82,10,0,0,0,0,0,0,0,0,0,0,0,0,0,0,0,0,0,0,0,0,0,0,0,0,0,0,0,0,0,0
0,0,0,0,0,0,0,0,0,0,0,0,0,0,0,0,0,0,0,0,0,0,0,0,0,0,0,0,0,0,0,0,0,0,0,0,0,0,0,0,0,0,0,0,0,57,2136,978,618,48368,44639,24505,6739,14230,14998,28439,12740,9039,8093,1688
0,0,0,0,0,0,0,0,0,0,0,0,0,0,0,0,0,0,0,0,0,0,0,0,0,0,0,0,0,0,0,0,0,0,0,0,0,0,0,0,0,0,0,0,0,0,0,0,0,0,0,0,0,0,0,0,0,0,0,0
0,0,0,0,0,0,0,0,0,0,0,0,0,0,0,0,0,0,0,0,0,0,0,0,0,0,0,0,0,0,0,0,0,0,0,0,0,0,0,0,0,0,0,0,0,0,0,0,0,0,0,0,0,0,0,0,0,0,0,0
0,0,0,0,0,0,0,0,0,0,0,0,0,0,0,0,0,0,0,0,0,0,0,0,0,0,0,0,0,0,0,0,0,0,0,0,0,0,0,0,0,0,0,0,0,0,0,0,0,0,0,0,0,0,0,0,0,0,0,0
0,0,0,0,0,0,0,0,0,0,0,0,0,0,0,0,0,0,0,0,0,0,0,0,0,0,0,0,0,0,0,0,0,0,0,0,0,0,0,0,0,0,0,0,0,0,0,0,0,0,0,0,0,0,0,0,0,0,0,0
0,0,0,0,0,0,0,0,0,0,0,0,0,0,0,29,825,315,91,19156,13795,8866,1717,2016,2801,4009,1460,632,434,43,0,0,0,0,0,0,0,0,0,0,0,0,0,0,0,53,2125,847,531,47978,41003,26537,5452,13518,15698,25729,10212,8366,6417,1345
0,0,0,0,0,0,0,0,0,0,0,0,0,0,0,0,0,0,0,0,0,0,0,0,0,0,0,0,0,0,0,0,0,0,0,0,0,0,0,0,0,0,0,0,0,50,2016,734,491,48653,36313,24926,4235,11482,15209,24329,8429,7589,5669,1267
0,0,0,0,0,0,0,0,0,0,0,0,0,0,0,0,0,0,0,0,0,0,0,0,0,0,0,0,0,0,0,0,0,0,0,0,0,0,0,0,0,0,0,0,0,49,2021,741,435,48879,36929,25623,4547,12091,15760,21781,8190,7058,4806,881
0,0,0,0,0,0,0,0,0,0,0,0,0,0,0,0,0,0,0,0,0,0,0,0,0,0,0,0,0,0,0,0,0,0,0,0,0,0,0,0,0,0,0,0,0,0,0,0,0,0,0,0,0,0,0,0,0,0,0,0
0,0,0,0,0,0,0,0,0,0,0,0,0,0,0,0,0,0,0,0,0,0,0,0,0,0,0,0,0,0,0,0,0,0,0,0,0,0,0,0,0,0,0,0,0,0,0,0,0,0,0,0,0,0,0,0,0,0,0,0
0,0,0,0,0,0,0,0,0,0,0,0,0,0,0,0,0,0,0,0,0,0,0,0,0,0,0,0,0,0,0,0,0,0,0,0,0,0,0,0,0,0,0,0,0,60,2193,1099,671,47670,49155,24478,8187,15464,15120,30198,14953,9553,9275,1805
0,0,0,0,0,0,0,0,0,0,0,0,0,0,0,0,0,0,0,0,0,0,0,0,0,0,0,0,0,0,0,0,0,0,0,0,0,0,0,0,0,0,0,0,0,0,0,0,0,0,0,0,0,0,0,0,0,0,0,0
0,0,0,0,0,0,0,0,0,0,0,0,0,0,0,0,0,0,0,0,0,0,0,0,0,0,0,0,0,0,0,0,0,0,0,0,0,0,0,0,0,0,0,0,0,0,0,0,0,0,0,0,0,0,0,0,0,0,0,0
0,0,0,0,0,0,0,0,0,0,0,0,0,0,0,0,0,0,0,0,0,0,0,0,0,0,0,0,0,0,0,0,0,0,0,0,0,0,0,0,0,0,0,0,0,0,0,0,0,0,0,0,0,0,0,0,0,0,0,0
0,0,0,0,0,0,0,0,0,0,0,0,0,0,0,0,0,0,0,0,0,0,0,0,0,0,0,0,0,0,0,0,0,0,0,0,0,0,0,0,0,0,0,0,0,0,0,0,0,0,0,0,0,0,0,0,0,0,0,0
0,0,0,0,0,0,0,0,0,0,0,0,0,0,0,0,0,0,0,0,0,0,0,0,0,0,0,0,0,0,0,0,0,0,0,0,0,0,0,0,0,0,0,0,0,45,1882,602,388,48465,30957,23914,3143,9749,15013,20061,6234,6146,3989,824
0,0,0,0,0,0,0,0,0,0,0,0,0,0,0,0,0,0,0,0,0,0,0,0,0,0,0,0,0,0,0,0,0,0,0,0,0,0,0,0,0,0,0,0,0,62,2198,1155,736,46776,49994,24041,8594,15941,14668,32176,16469,10013,10580,2177
0,0,0,0,0,0,0,0,0,0,0,0,0,0,0,0,0,0,0,0,0,0,0,0,0,0,0,0,0,0,0,0,0,0,0,0,0,0,0,0,0,0,0,0,0,0,0,0,0,0,0,0,0,0,0,0,0,0,0,0
0,0,0,0,0,0,0,0,0,0,0,0,0,0,0,0,0,0,0,0,0,0,0,0,0,0,0,0,0,0,0,0,0,0,0,0,0,0,0,0,0,0,0,0,0,0,0,0,0,0,0,0,0,0,0,0,0,0,0,0
0,0,0,0,0,0,0,0,0,0,0,0,0,0,0,0,0,0,0,0,0,0,0,0,0,0,0,0,0,0,0,0,0,0,0,0,0,0,0,0,0,0,0,0,0,0,0,0,0,0,0,0,0,0,0,0,0,0,0,0
0,0,0,0,0,0,0,0,0,0,0,0,0,0,0,0,0,0,0,0,0,0,0,0,0,0,0,0,0,0,0,0,0,0,0,0,0,0,0,0,0,0,0,0,0,0,0,0,0,0,0,0,0,0,0,0,0,0,0,0
0,0,0,0,0,0,0,0,0,0,0,0,0,0,0,0,0,0,0,0,0,0,0,0,0,0,0,0,0,0,0,0,0,0,0,0,0,0,0,0,0,0,0,0,0,53,2073,868,510,49568,41638,24639,5829,13214,15329,24446,10360,7642,6061,1176
0,0,0,0,0,0,0,0,0,0,0,0,0,0,0,0,0,0,0,0,0,0,0,0,0,0,0,0,0,0,0,0,0,0,0,0,0,0,0,0,0,0,0,0,0,0,0,0,0,0,0,0,0,0,0,0,0,0,0,0
0,0,0,0,0,0,0,0,0,0,0,0,0,0,0,0,0,0,0,0,0,0,0,0,0,0,0,0,0,0,0,0,0,0,0,0,0,0,0,0,0,0,0,0,0,0,0,0,0,0,0,0,0,0,0,0,0,0,0,0
0,0,0,0,0,0,0,0,0,0,0,0,0,0,0,0,0,0,0,0,0,0,0,0,0,0,0,0,0,0,0,0,0,0,0,0,0,0,0,0,0,0,0,0,0,0,0,0,0,0,0,0,0,0,0,0,0,0,0,0
0,0,0,0,0,0,0,0,0,0,0,0,0,0,0,0,0,0,0,0,0,0,0,0,0,0,0,0,0,0,0,0,0,0,0,0,0,0,0,0,0,0,0,0,0,0,0,0,0,0,0,0,0,0,0,0,0,0,0,0
0,0,0,0,0,0,0,0,0,0,0,0,0,0,0,41,1109,612,208,22163,25527,11612,4410,3715,3397,8579,4553,1412,1532,165,29,1028,290,116,25171,14756,13086,1345,2890,5060,5966,1575,1141,645,89,0,0,0,0,0,0,0,0,0,0,0,0,0,0,0
0,0,0,0,0,0,0,0,0,0,0,0,0,0,0,31,864,369,96,19772,16013,9162,2247,2270,2981,4149,1750,609,460,38,0,0,0,0,0,0,0,0,0,0,0,0,0,0,0,49,2013,713,463,48457,35595,25497,4109,11515,15455,23163,7986,7418,5212,1117
0,0,0,0,0,0,0,0,0,0,0,0,0,0,0,0,0,0,0,0,0,0,0,0,0,0,0,0,0,0,0,0,0,0,0,0,0,0,0,0,0,0,0,0,0,56,2090,957,583,49284,44164,23553,6673,13575,15143,27066,12071,8285,7517,1459
0,0,0,0,0,0,0,0,0,0,0,0,0,0,0,0,0,0,0,0,0,0,0,0,0,0,0,0,0,0,0,0,0,0,0,0,0,0,0,0,0,0,0,0,0,0,0,0,0,0,0,0,0,0,0,0,0,0,0,0
0,0,0,0,0,0,0,0,0,0,0,0,0,0,0,0,0,0,0,0,0,0,0,0,0,0,0,0,0,0,0,0,0,0,0,0,0,0,0,0,0,0,0,0,0,0,0,0,0,0,0,0,0,0,0,0,0,0,0,0
0,0,0,0,0,0,0,0,0,0,0,0,0,0,0,0,0,0,0,0,0,0,0,0,0,0,0,0,0,0,0,0,0,0,0,0,0,0,0,0,0,0,0,0,0,0,0,0,0,0,0,0,0,0,0,0,0,0,0,0
0,0,0,0,0,0,0,0,0,0,0,0,0,0,0,0,0,0,0,0,0,0,0,0,0,0,0,0,0,0,0,0,0,0,0,0,0,0,0,0,0,0,0,0,0,0,0,0,0,0,0,0,0,0,0,0,0,0,0,0
0,0,0,0,0,0,0,0,0,0,0,0,0,0,0,0,0,0,0,0,0,0,0,0,0,0,0,0,0,0,0,0,0,0,0,0,0,0,0,0,0,0,0,0,0,63,2243,1205,748,46189,52105,24799,9347,16812,14745,32641,17367,10348,10730,2267
0,0,0,0,0,0,0,0,0,0,0,0,0,0,0,0,0,0,0,0,0,0,0,0,0,0,0,0,0,0,0,0,0,0,0,0,0,0,0,0,0,0,0,0,0,0,0,0,0,0,0,0,0,0,0,0,0,0,0,0
0,0,0,0,0,0,0,0,0,0,0,0,0,0,0,0,0,0,0,0,0,0,0,0,0,0,0,0,0,0,0,0,0,0,0,0,0,0,0,0,0,0,0,0,0,0,0,0,0,0,0,0,0,0,0,0,0,0,0,0
0,0,0,0,0,0,0,0,0,0,0,0,0,0,0,0,0,0,0,0,0,0,0,0,0,0,0,0,0,0,0,0,0,0,0,0,0,0,0,0,0,0,0,0,0,0,0,0,0,0,0,0,0,0,0,0,0,0,0,0
0,0,0,0,0,0,0,0,0,0,0,0,0,0,0,0,0,0,0,0,0,0,0,0,0,0,0,0,0,0,0,0,0,0,0,0,0,0,0,0,0,0,0,0,0,0,0,0,0,0,0,0,0,0,0,0,0,0,0,0
0,0,0,0,0,0,0,0,0,0,0,0,0,0,0,0,0,0,0,0,0,0,0,0,0,0,0,0,0,0,0,0,0,0,0,0,0,0,0,0,0,0,0,0,0,0,0,0,0,0,0,0,0,0,0,0,0,0,0,0
0,0,0,0,0,0,0,0,0,0,0,0,0,0,0,0,0,0,0,0,0,0,0,0,0,0,0,0,0,0,0,0,0,0,0,0,0,0,0,0,0,0,0,0,0,0,0,0,0,0,0,0,0,0,0,0,0,0,0,0
0,0,0,0,0,0,0,0,0,0,0,0,0,0,0,0,0,0,0,0,0,0,0,0,0,0,0,0,0,0,0,0,0,0,0,0,0,0,0,0,0,0,0,0,0,0,0,0,0,0,0,0,0,0,0,0,0,0,0,0
0,0,0,0,0,0,0,0,0,0,0,0,0,0,0,0,0,0,0,0,0,0,0,0,0,0,0,0,0,0,0,0,0,0,0,0,0,0,0,0,0,0,0,0,0,0,0,0,0,0,0,0,0,0,0,0,0,0,0,0
0,0,0,0,0,0,0,0,0,0,0,0,0,0,0,0,0,0,0,0,0,0,0,0,0,0,0,0,0,0,0,0,0,0,0,0,0,0,0,0,0,0,0,0,0,0,0,0,0,0,0,0,0,0,0,0,0,0,0,0
0,0,0,0,0,0,0,0,0,0,0,0,0,0,0,0,0,0,0,0,0,0,0,0,0,0,0,0,0,0,0,0,0,0,0,0,0,0,0,0,0,0,0,0,0,0,0,0,0,0,0,0,0,0,0,0,0,0,0,0
0,0,0,0,0,0,0,0,0,0,0,0,0,0,0,0,0,0,0,0,0,0,0,0,0,0,0,0,0,0,0,0,0,0,0,0,0,0,0,0,0,0,0,0,0,0,0,0,0,0,0,0,0,0,0,0,0,0,0,0
0,0,0,0,0,0,0,0,0,0,0,0,0,0,0,0,0,0,0,0,0,0,0,0,0,0,0,0,0,0,0,0,0,0,0,0,0,0,0,0,0,0,0,0,0,0,0,0,0,0,0,0,0,0,0,0,0,0,0,0
0,0,0,0,0,0,0,0,0,0,0,0,0,0,0,0,0,0,0,0,0,0,0,0,0,0,0,0,0,0,0,0,0,0,0,0,0,0,0,0,0,0,0,0,0,0,0,0,0,0,0,0,0,0,0,0,0,0,0,0
0,0,0,0,0,0,0,0,0,0,0,0,0,0,0,0,0,0,0,0,0,0,0,0,0,0,0,0,0,0,0,0,0,0,0,0,0,0,0,0,0,0,0,0,0,0,0,0,0,0,0,0,0,0,0,0,0,0,0,0
0,0,0,0,0,0,0,0,0,0,0,0,0,0,0,0,0,0,0,0,0,0,0,0,0,0,0,0,0,0,0,0,0,0,0,0,0,0,0,0,0,0,0,0,0,0,0,0,0,0,0,0,0,0,0,0,0,0,0,0
0,0,0,0,0,0,0,0,0,0,0,0,0,0,0,0,0,0,0,0,0,0,0,0,0,0,0,0,0,0,0,0,0,0,0,0,0,0,0,0,0,0,0,0,0,0,0,0,0,0,0,0,0,0,0,0,0,0,0,0
0,0,0,0,0,0,0,0,0,0,0,0,0,0,0,0,0,0,0,0,0,0,0,0,0,0,0,0,0,0,0,0,0,0,0,0,0,0,0,0,0,0,0,0,0,0,0,0,0,0,0,0,0,0,0,0,0,0,0,0
0,0,0,0,0,0,0,0,0,0,0,0,0,0,0,0,0,0,0,0,0,0,0,0,0,0,0,0,0,0,0,0,0,0,0,0,0,0,0,0,0,0,0,0,0,0,0,0,0,0,0,0,0,0,0,0,0,0,0,0
0,0,0,0,0,0,0,0,0,0,0,0,0,0,0,0,0,0,0,0,0,0,0,0,0,0,0,0,0,0,0,0,0,0,0,0,0,0,0,0,0,0,0,0,0,0,0,0,0,0,0,0,0,0,0,0,0,0,0,0
0,0,0,0,0,0,0,0,0,0,0,0,0,0,0,0,0,0,0,0,0,0,0,0,0,0,0,0,0,0,0,0,0,0,0,0,0,0,0,0,0,0,0,0,0,0,0,0,0,0,0,0,0,0,0,0,0,0,0,0
0,0,0,0,0,0,0,0,0,0,0,0,0,0,0,0,0,0,0,0,0,0,0,0,0,0,0,0,0,0,0,0,0,0,0,0,0,0,0,0,0,0,0,0,0,0,0,0,0,0,0,0,0,0,0,0,0,0,0,0
0,0,0,0,0,0,0,0,0,0,0,0,0,0,0,0,0,0,0,0,0,0,0,0,0,0,0,0,0,0,0,0,0,0,0,0,0,0,0,0,0,0,0,0,0,60,2203,1089,681,47247,48506,24771,7956,15643,15082,30561,14971,9812,9352,1941
0,0,0,0,0,0,0,0,0,0,0,0,0,0,0,0,0,0,0,0,0,0,0,0,0,0,0,0,0,0,0,0,0,0,0,0,0,0,0,0,0,0,0,0,0,0,0,0,0,0,0,0,0,0,0,0,0,0,0,0
0,0,0,0,0,0,0,0,0,0,0,0,0,0,0,0,0,0,0,0,0,0,0,0,0,0,0,0,0,0,0,0,0,0,0,0,0,0,0,0,0,0,0,0,0,0,0,0,0,0,0,0,0,0,0,0,0,0,0,0
0,0,0,0,0,0,0,0,0,0,0,0,0,0,0,0,0,0,0,0,0,0,0,0,0,0,0,0,0,0,0,0,0,0,0,0,0,0,0,0,0,0,0,0,0,60,2153,1114,656,49213,49501,23184,8640,15202,14939,29180,14843,8971,9006,1731
0,0,0,0,0,0,0,0,0,0,0,0,0,0,0,0,0,0,0,0,0,0,0,0,0,0,0,0,0,0,0,0,0,0,0,0,0,0,0,0,0,0,0,0,0,0,0,0,0,0,0,0,0,0,0,0,0,0,0,0
0,0,0,0,0,0,0,0,0,0,0,0,0,0,0,0,0,0,0,0,0,0,0,0,0,0,0,0,0,0,0,0,0,0,0,0,0,0,0,0,0,0,0,0,0,0,0,0,0,0,0,0,0,0,0,0,0,0,0,0
83,3469,1421,1982,60708,47163,29540,7322,35707,42418,69877,26557,48002,40021,17981,35,1055,461,134,21412,20844,12209,3026,3442,3610,6064,2695,1039,745,79,38,1198,483,220,27954,21798,13451,2715,4220,5291,10216,3772,1936,1699,250,65,2214,1294,786,47188,54359,22581,10522,16858,14549,33095,19121,10263,11714,2323
89,3376,1603,2313,54667,48730,26128,8450,36073,37297,74558,31879,50827,50353,22882,0,0,0,0,0,0,0,0,0,0,0,0,0,0,0,0,0,0,0,0,0,0,0,0,0,0,0,0,0,0,64,2179,1264,752,48158,53149,22079,10239,16385,14621,32056,18360,9651,10931,2134
0,0,0,0,0,0,0,0,0,0,0,0,0,0,0,0,0,0,0,0,0,0,0,0,0,0,0,0,0,0,0,0,0,0,0,0,0,0,0,0,0,0,0,0,0,0,0,0,0,0,0,0,0,0,0,0,0,0,0,0
0,0,0,0,0,0,0,0,0,0,0,0,0,0,0,19,613,134,37,14887,6646,7668,466,974,2363,1894,388,273,104,11,0,0,0,0,0,0,0,0,0,0,0,0,0,0,0,63,2221,1203,750,46748,51687,23969,9263,16607,14784,32395,17357,10203,10880,2211
0,0,0,0,0,0,0,0,0,0,0,0,0,0,0,0,0,0,0,0,0,0,0,0,0,0,0,0,0,0,0,0,0,0,0,0,0,0,0,0,0,0,0,0,0,55,2053,912,573,49666,42180,22941,6004,12871,14815,26868,11572,8036,7180,1479
0,0,0,0,0,0,0,0,0,0,0,0,0,0,0,0,0,0,0,0,0,0,0,0,0,0,0,0,0,0,0,0,0,0,0,0,0,0,0,0,0,0,0,0,0,0,0,0,0,0,0,0,0,0,0,0,0,0,0,0
0,0,0,0,0,0,0,0,0,0,0,0,0,0,0,0,0,0,0,0,0,0,0,0,0,0,0,0,0,0,0,0,0,0,0,0,0,0,0,0,0,0,0,0,0,0,0,0,0,0,0,0,0,0,0,0,0,0,0,0
0,0,0,0,0,0,0,0,0,0,0,0,0,0,0,17,525,111,25,13333,5227,6198,371,808,1922,1167,247,195,58,4,0,0,0,0,0,0,0,0,0,0,0,0,0,0,0,0,0,0,0,0,0,0,0,0,0,0,0,0,0,0
0,0,0,0,0,0,0,0,0,0,0,0,0,0,0,0,0,0,0,0,0,0,0,0,0,0,0,0,0,0,0,0,0,0,0,0,0,0,0,0,0,0,0,0,0,60,2130,1092,678,48902,48107,22793,8084,14633,14687,30021,14918,9138,9248,1970
0,0,0,0,0,0,0,0,0,0,0,0,0,0,0,0,0,0,0,0,0,0,0,0,0,0,0,0,0,0,0,0,0,0,0,0,0,0,0,0,0,0,0,0,0,51,2052,804,471,49186,39409,25240,5262,12563,15693,23027,9091,7519,5428,1044
0,0,0,0,0,0,0,0,0,0,0,0,0,0,0,0,0,0,0,0,0,0,0,0,0,0,0,0,0,0,0,0,0,0,0,0,0,0,0,0,0,0,0,0,0,0,0,0,0,0,0,0,0,0,0,0,0,0,0,0
0,0,0,0,0,0,0,0,0,0,0,0,0,0,0,31,892,364,101,20109,16168,9647,2128,2337,3059,4524,1856,697,460,51,0,0,0,0,0,0,0,0,0,0,0,0,0,0,0,0,0,0,0,0,0,0,0,0,0,0,0,0,0,0
0,0,0,0,0,0,0,0,0,0,0,0,0,0,0,0,0,0,0,0,0,0,0,0,0,0,0,0,0,0,0,0,0,0,0,0,0,0,0,0,0,0,0,0,0,56,2130,979,561,49234,45268,24656,7083,14553,15515,26206,12298,8285,7021,1318
0,0,0,0,0,0,0,0,0,0,0,0,0,0,0,0,0,0,0,0,0,0,0,0,0,0,0,0,0,0,0,0,0,0,0,0,0,0,0,0,0,0,0,0,0,66,2248,1299,846,44985,54238,23658,10111,17170,14225,35642,19893,10950,13017,2739
0,0,0,0,0,0,0,0,0,0,0,0,0,0,0,0,0,0,0,0,0,0,0,0,0,0,0,0,0,0,0,0,0,0,0,0,0,0,0,0,0,0,0,0,0,71,2294,1528,957,43017,60395,23132,13475,19130,13532,37821,24618,12052,15771,3291
0,0,0,0,0,0,0,0,0,0,0,0,0,0,0,0,0,0,0,0,0,0,0,0,0,0,0,0,0,0,0,0,0,0,0,0,0,0,0,0,0,0,0,0,0,57,2124,973,623,48434,44511,24254,6702,13890,14975,28831,12618,8911,8173,1767
0,0,0,0,0,0,0,0,0,0,0,0,0,0,0,0,0,0,0,0,0,0,0,0,0,0,0,0,0,0,0,0,0,0,0,0,0,0,0,0,0,0,0,0,0,0,0,0,0,0,0,0,0,0,0,0,0,0,0,0
0,0,0,0,0,0,0,0,0,0,0,0,0,0,0,0,0,0,0,0,0,0,0,0,0,0,0,0,0,0,33,1114,363,165,26569,17744,13676,1766,3333,5144,8046,2445,1596,1065,180,65,2212,1278,802,46477,53590,23009,10120,16560,14354,33984,19058,10437,12038,2464
0,0,0,0,0,0,0,0,0,0,0,0,0,0,0,33,922,422,106,20795,18107,9696,2788,2733,3108,4553,2113,689,492,63,0,0,0,0,0,0,0,0,0,0,0,0,0,0,0,57,2105,975,621,48756,44570,23770,6727,13734,14945,28374,12618,8734,8208,1707
0,0,0,0,0,0,0,0,0,0,0,0,0,0,0,0,0,0,0,0,0,0,0,0,0,0,0,0,0,0,0,0,0,0,0,0,0,0,0,0,0,0,0,0,0,55,2069,968,517,51056,45099,22989,7216,13859,15331,24177,11694,7366,6268,1057
0,0,0,0,0,0,0,0,0,0,0,0,0,0,0,0,0,0,0,0,0,0,0,0,0,0,0,0,0,0,0,0,0,0,0,0,0,0,0,0,0,0,0,0,0,0,0,0,0,0,0,0,0,0,0,0,0,0,0,0
92,3418,1786,2400,50140,50961,26638,10486,40608,36099,72851,37675,53005,53932,23487,0,0,0,0,0,0,0,0,0,0,0,0,0,0,0,0,0,0,0,0,0,0,0,0,0,0,0,0,0,0,0,0,0,0,0,0,0,0,0,0,0,0,0,0,0
0,0,0,0,0,0,0,0,0,0,0,0,0,0,0,0,0,0,0,0,0,0,0,0,0,0,0,0,0,0,0,0,0,0,0,0,0,0,0,0,0,0,0,0,0,54,2065,898,533,49737,42354,23682,6097,13274,15316,25243,10970,7650,6465,1272
0,0,0,0,0,0,0,0,0,0,0,0,0,0,0,0,0,0,0,0,0,0,0,0,0,0,0,0,0,0,0,0,0,0,0,0,0,0,0,0,0,0,0,0,0,73,2247,1629,999,43911,61900,20679,14923,19336,13370,38262,27079,11475,16732,3462
0,0,0,0,0,0,0,0,0,0,0,0,0,0,0,0,0,0,0,0,0,0,0,0,0,0,0,0,0,0,0,0,0,0,0,0,0,0,0,0,0,0,0,0,0,59,2142,1085,626,49486,48461,23197,8285,15200,15161,28057,14332,8659,8326,1566
85,3461,1493,2077,58523,47831,29175,7774,36802,40812,70529,28904,49380,42789,19303,34,978,436,125,20978,19150,10661,2796,2898,3316,5510,2446,909,672,70,46,1336,734,301,29710,31299,13692,5435,5672,5488,12885,6610,2296,2771,364,0,0,0,0,0,0,0,0,0,0,0,0,0,0,0
103,3127,2179,3074,36310,51330,20874,13560,40327,25865,76578,50769,55196,77861,34661,0,0,0,0,0,0,0,0,0,0,0,0,0,0,0,0,0,0,0,0,0,0,0,0,0,0,0,0,0,0,66,2230,1325,820,46278,54865,22781,10861,17258,14284,34363,19898,10603,12421,2580
89,3540,1684,2232,49686,50003,31505,10007,42065,38262,70155,33740,53616,49007,20810,0,0,0,0,0,0,0,0,0,0,0,0,0,0,0,0,0,0,0,0,0,0,0,0,0,0,0,0,0,0,65,2223,1283,797,46378,54149,23317,10209,16713,14502,33767,19099,10465,12004,2368
91,3558,1750,2345,45418,50166,33866,10356,42993,34651,70318,36224,56875,52234,22671,35,972,453,142,21179,19352,10365,2893,2870,3211,6124,2719,916,832,101,0,0,0,0,0,0,0,0,0,0,0,0,0,0,0,0,0,0,0,0,0,0,0,0,0,0,0,0,0,0
89,3572,1715,2201,49671,50777,32377,10577,43400,38507,68809,34606,53975,48262,20119,0,0,0,0,0,0,0,0,0,0,0,0,0,0,0,42,1314,611,250,28928,27538,14700,4118,5320,5595,11384,5023,2156,2040,299,58,2126,1011,642,48471,45766,23871,7094,14254,14962,29064,13363,8922,8608,1791
86,3561,1560,2095,53434,48164,33388,8803,40391,39664,68959,30489,52390,43653,19395,0,0,0,0,0,0,0,0,0,0,0,0,0,0,0,0,0,0,0,0,0,0,0,0,0,0,0,0,0,0,0,0,0,0,0,0,0,0,0,0,0,0,0,0,0
0,0,0,0,0,0,0,0,0,0,0,0,0,0,0,0,0,0,0,0,0,0,0,0,0,0,0,0,0,0,0,0,0,0,0,0,0,0,0,0,0,0,0,0,0,57,2130,965,631,47999,44336,24541,6465,13746,14908,29254,12715,9099,8250,1830
0,0,0,0,0,0,0,0,0,0,0,0,0,0,0,0,0,0,0,0,0,0,0,0,0,0,0,0,0,0,48,1410,795,333,29536,33713,14908,6079,6468,5584,14027,7559,2797,3215,443,0,0,0,0,0,0,0,0,0,0,0,0,0,0,0
93,3425,1799,2479,46565,49850,27787,10356,41382,34317,73274,37899,54606,56843,24668,41,1081,618,202,22088,25091,10839,4615,3662,3365,8285,4396,1270,1465,184,36,1229,444,186,27628,21583,15271,2503,4318,5587,9004,3124,1896,1339,174,0,0,0,0,0,0,0,0,0,0,0,0,0,0,0
96,3314,1905,2655,45194,51068,24639,11415,40046,31767,75626,41359,54022,62107,27999,0,0,0,0,0,0,0,0,0,0,0,0,0,0,0,42,1302,616,245,28877,27665,14571,4215,5257,5634,11035,5001,2084,1993,271,0,0,0,0,0,0,0,0,0,0,0,0,0,0,0
94,3402,1855,2516,46378,50674,26848,10973,41858,33913,73020,39773,54488,58195,25103,0,0,0,0,0,0,0,0,0,0,0,0,0,0,0,40,1250,552,228,28333,24928,14241,3471,4735,5513,10472,4407,1940,1749,253,68,2253,1405,873,45155,57202,23016,11778,17814,13954,35775,21838,11173,13720,2780
99,3222,2007,2844,42002,50979,22893,11939,39518,28790,76909,45303,54416,68256,31351,0,0,0,0,0,0,0,0,0,0,0,0,0,0,0,0,0,0,0,0,0,0,0,0,0,0,0,0,0,0,56,2120,989,551,49492,45791,24152,7295,14483,15615,25649,12325,8097,6871,1229
89,3512,1656,2260,50383,48941,30838,9316,40935,37504,71169,33332,53538,49460,21456,0,0,0,0,0,0,0,0,0,0,0,0,0,0,0,0,0,0,0,0,0,0,0,0,0,0,0,0,0,0,67,2238,1355,856,45646,55557,22947,11118,17407,13880,35341,20728,10998,13265,2794
90,3477,1666,2339,49316,48612,30564,9264,40264,35753,72291,33872,54011,51072,23272,0,0,0,0,0,0,0,0,0,0,0,0,0,0,0,0,0,0,0,0,0,0,0,0,0,0,0,0,0,0,0,0,0,0,0,0,0,0,0,0,0,0,0,0,0
90,3461,1680,2325,50149,48809,29136,9238,40442,36839,72032,34409,53152,51308,22525,41,1086,619,201,22123,25257,10930,4641,3747,3447,8283,4359,1203,1500,160,0,0,0,0,0,0,0,0,0,0,0,0,0,0,0,53,2101,858,520,48665,41364,25772,5678,13371,15613,24920,10215,8113,6294,1239
87,3512,1556,2185,52761,47289,31894,8294,39315,38112,69795,30377,53159,46624,20700,0,0,0,0,0,0,0,0,0,0,0,0,0,0,0,0,0,0,0,0,0,0,0,0,0,0,0,0,0,0,56,2127,951,589,48511,44038,24683,6504,14088,15309,27607,12176,8582,7490,1550
90,3536,1741,2264,49609,51447,31215,10285,42288,37350,69971,36308,54355,49737,21150,40,1064,601,179,22165,24571,10858,4515,3638,3410,7389,4052,1130,1189,124,0,0,0,0,0,0,0,0,0,0,0,0,0,0,0,61,2186,1111,719,47215,48781,24086,8097,15280,14605,31891,15515,9964,10228,2150
83,3633,1466,1937,54901,46617,36865,8173,41099,41803,64933,27494,52079,39239,16975,48,1240,861,267,22555,33753,12226,7751,5272,3690,10693,7066,1645,2221,258,34,1157,395,166,27261,19327,13955,2033,3784,5396,8104,2744,1591,1053,154,55,2072,925,560,49479,42785,23311,6340,13579,15335,26091,11499,7927,7007,1389
82,3611,1398,1923,56033,45946,36715,7222,38378,41933,66675,26025,51557,38124,17189,32,945,381,115,20345,17117,10696,2236,2677,3244,5112,2061,856,600,63,38,1254,518,185,28158,24305,15028,3395,4821,5726,8863,3566,1794,1331,144,56,2142,953,587,48416,44327,25146,6487,14282,15316,27499,12267,8710,7467,1499
87,3510,1544,2197,52246,47416,31978,8207,38664,37985,71374,29985,52871,46649,21154,0,0,0,0,0,0,0,0,0,0,0,0,0,0,0,45,1377,702,288,28960,30908,15298,5065,6002,5796,12796,6190,2440,2611,324,0,0,0,0,0,0,0,0,0,0,0,0,0,0,0
0,0,0,0,0,0,0,0,0,0,0,0,0,0,0,45,1137,759,231,22917,29662,10709,6385,4385,3392,9030,5847,1283,1788,170,47,1417,775,306,29293,33531,15400,5993,6585,5775,13281,7056,2600,2784,382,54,2075,866,565,48581,41103,24414,5519,12911,15243,26766,10704,8142,7067,1514
89,3513,1607,2309,48224,47484,32798,8499,39794,35658,72266,32196,54903,49920,22949,0,0,0,0,0,0,0,0,0,0,0,0,0,0,0,39,1285,536,205,28179,25030,15363,3475,5181,5883,9680,3935,1879,1537,192,59,2166,1057,654,48012,47335,24347,7700,15117,15060,29707,14185,9176,8779,1845
77,3596,1259,1667,63372,44599,36632,6329,36139,46364,62297,22069,47061,31300,13452,35,1000,465,130,21260,20435,11027,3099,3071,3394,5641,2668,891,712,66,41,1260,574,246,28740,25549,13943,3593,4831,5348,10981,4807,2104,1993,267,59,2152,1053,658,48269,47307,24063,7592,14644,14838,29489,14178,9366,8889,1850
84,3563,1473,2013,55717,47495,33756,7722,38449,41045,68650,28355,51343,40910,18297,0,0,0,0,0,0,0,0,0,0,0,0,0,0,0,0,0,0,0,0,0,0,0,0,0,0,0,0,0,0,58,2172,1024,629,47978,46647,25121,7361,14997,15180,28747,13459,9208,8343,1693
92,3472,1801,2385,47868,51172,29342,10841,42234,35491,71496,37946,54408,53675,23118,34,961,441,120,21067,19007,10327,2898,2911,3204,5202,2392,841,634,60,44,1384,676,270,29010,30148,15881,4885,6097,5724,12220,5731,2475,2275,353,56,2135,930,610,47558,43262,25320,6119,13824,15169,28595,11971,8960,7921,1709
85,3600,1520,2050,53175,48180,35032,8421,39981,40096,67770,29035,53244,42827,18487,0,0,0,0,0,0,0,0,0,0,0,0,0,0,0,50,1436,866,359,29341,35887,14923,6898,6843,5656,15009,8695,2891,3484,523,59,2199,1042,669,46909,47228,25506,7324,15283,15110,30408,14139,9670,9144,1902
83,3549,1375,2028,55663,44187,35260,6531,36679,39596,69221,25649,52126,40484,19217,0,0,0,0,0,0,0,0,0,0,0,0,0,0,0,45,1386,711,279,29276,31351,15505,5229,6120,5828,12551,6234,2421,2418,309,61,2197,1118,712,47298,49126,24321,8250,15707,14697,31382,15580,9949,10052,2108
0,0,0,0,0,0,0,0,0,0,0,0,0,0,0,0,0,0,0,0,0,0,0,0,0,0,0,0,0,0,42,1332,635,226,29166,28712,15048,4598,5730,5874,10414,4928,2013,1750,204,59,2202,1052,659,47373,47609,25337,7596,15461,15188,29863,14118,9661,8940,1855
0,0,0,0,0,0,0,0,0,0,0,0,0,0,0,0,0,0,0,0,0,0,0,0,0,0,0,0,0,0,0,0,0,0,0,0,0,0,0,0,0,0,0,0,0,0,0,0,0,0,0,0,0,0,0,0,0,0,0,0
92,3544,1816,2370,44922,51071,32427,11132,44141,34941,70417,38380,56367,53284,22784,28,801,292,86,18663,13083,8670,1520,1839,2749,3808,1313,529,406,37,0,0,0,0,0,0,0,0,0,0,0,0,0,0,0,0,0,0,0,0,0,0,0,0,0,0,0,0,0,0
88,3510,1587,2241,51100,48151,32564,8698,39010,36534,71549,31477,53825,47434,22127,38,1064,528,175,21798,22544,11272,3536,3498,3488,7500,3625,1164,1150,125,41,1305,573,247,28539,26286,15065,3658,5056,5714,11350,4664,2226,2045,293,51,2076,792,483,48479,38842,26056,4887,12846,15778,23780,9336,7743,5475,1127
86,3674,1636,2019,50563,50564,36642,10299,44748,41307,65166,31907,53532,42713,17421,0,0,0,0,0,0,0,0,0,0,0,0,0,0,0,0,0,0,0,0,0,0,0,0,0,0,0,0,0,0,52,2012,805,521,49411,38690,23579,4918,11794,14947,25060,9645,7637,6206,1331
93,3479,1812,2466,44600,50160,30958,10782,42610,33175,72248,38455,56220,55636,24893,41,1129,603,217,21899,25325,11946,4216,3944,3531,9011,4601,1468,1667,176,36,1220,459,171,27908,22255,14763,2745,4444,5684,8141,3095,1708,1181,119,0,0,0,0,0,0,0,0,0,0,0,0,0,0,0
92,3518,1777,2409,44487,50416,32435,10727,42634,34025,71978,36988,56238,53773,24092,0,0,0,0,0,0,0,0,0,0,0,0,0,0,0,39,1258,534,207,28708,24857,14410,3437,4812,5565,9587,3956,1868,1535,211,60,2186,1066,704,47004,47601,24458,7546,15111,14845,31371,14601,9890,9988,2085
87,3519,1574,2167,53243,48242,31947,8624,39498,38424,70678,31239,52359,45440,20692,42,1103,635,226,22080,25550,11005,4636,3785,3334,9309,4870,1397,1752,222,37,1229,488,178,28263,23080,14512,3017,4726,5619,8358,3419,1677,1191,143,0,0,0,0,0,0,0,0,0,0,0,0,0,0,0
91,3511,1747,2348,47209,50126,31241,10354,42435,35676,70934,36098,55030,52225,22808,44,1170,747,199,22889,30406,11976,6507,4562,3673,8216,5249,1282,1355,133,51,1449,922,353,29853,37797,14696,7900,7252,5632,14521,8990,2814,3498,437,0,0,0,0,0,0,0,0,0,0,0,0,0,0,0
95,3475,1952,2513,42996,52485,29177,12627,45061,33332,71003,42365,56520,58925,24498,0,0,0,0,0,0,0,0,0,0,0,0,0,0,0,48,1414,802,326,29416,33904,14933,6263,6592,5711,13966,7476,2702,3151,406,0,0,0,0,0,0,0,0,0,0,0,0,0,0,0
89,3492,1657,2259,51345,49290,30155,9302,40425,37673,70868,33490,53144,49273,21499,35,929,463,132,21197,19326,9215,3078,2635,2936,5426,2647,782,751,69,45,1310,711,279,29750,30239,13410,5246,5585,5488,11857,6221,2187,2393,330,58,2128,1001,652,48295,45069,23858,6838,14146,14710,29533,13388,9201,8766,1864
91,3483,1757,2338,48890,50786,29281,10520,41706,36586,71704,36261,53784,52291,22413,0,0,0,0,0,0,0,0,0,0,0,0,0,0,0,39,1236,524,217,28328,24016,14098,3204,4555,5491,9974,4057,1934,1662,216,74,2287,1646,1055,41240,62417,22027,14793,19797,13020,40100,27987,12420,18159,3885
83,3491,1363,2040,58028,44579,32295,6429,35058,40136,70835,25213,50366,40690,19549,0,0,0,0,0,0,0,0,0,0,0,0,0,0,0,31,1018,335,130,26031,16020,11667,1682,2973,4765,6306,1962,1134,745,106,65,2196,1274,806,46956,53229,22634,10113,16352,14104,33735,18894,10438,12135,2538
87,3572,1610,2131,52243,48870,33010,8933,41668,39382,68580,32379,53203,45293,19390,28,834,289,89,19042,13205,9471,1489,1945,2811,4111,1301,656,445,41,42,1302,630,231,29234,28442,14514,4457,5262,5688,10336,5012,2040,1805,206,0,0,0,0,0,0,0,0,0,0,0,0,0,0,0
84,3537,1503,1983,58049,48583,31297,8266,38753,42529,68216,28863,49633,40722,17433,0,0,0,0,0,0,0,0,0,0,0,0,0,0,0,43,1368,660,243,29196,29857,15702,4797,6026,5960,11049,5355,2249,1959,230,51,2031,756,519,48391,36677,24935,4397,11567,14947,25579,8849,8080,6155,1424
92,3483,1810,2376,47830,51441,29194,11034,42669,35954,71766,38282,54204,53234,23030,39,1093,562,179,21803,24042,11904,4010,3666,3477,7706,3793,1227,1178,158,46,1368,750,285,29713,32165,14413,5756,6229,5734,12317,6625,2310,2482,317,0,0,0,0,0,0,0,0,0,0,0,0,0,0,0
0,0,0,0,0,0,0,0,0,0,0,0,0,0,0,37,1051,502,164,21560,21732,11361,3304,3395,3457,7054,3306,1130,1046,114,0,0,0,0,0,0,0,0,0,0,0,0,0,0,0,57,2125,996,600,49018,45929,24276,7054,14291,15149,27539,12939,8475,7740,1527
0,0,0,0,0,0,0,0,0,0,0,0,0,0,0,35,963,453,142,21096,19145,10014,2891,2867,3101,6079,2718,892,840,96,0,0,0,0,0,0,0,0,0,0,0,0,0,0,0,0,0,0,0,0,0,0,0,0,0,0,0,0,0,0
0,0,0,0,0,0,0,0,0,0,0,0,0,0,0,0,0,0,0,0,0,0,0,0,0,0,0,0,0,0,0,0,0,0,0,0,0,0,0,0,0,0,0,0,0,0,0,0,0,0,0,0,0,0,0,0,0,0,0,0
0,0,0,0,0,0,0,0,0,0,0,0,0,0,0,0,0,0,0,0,0,0,0,0,0,0,0,0,0,0,50,1463,900,325,30013,37707,15404,7790,7351,5827,13844,8399,2717,3032,379,0,0,0,0,0,0,0,0,0,0,0,0,0,0,0
0,0,0,0,0,0,0,0,0,0,0,0,0,0,0,45,1108,765,225,23052,29247,10274,6572,4107,3277,8675,5735,1308,1709,174,49,1432,858,318,30040,36079,14875,7130,7088,5767,13309,8011,2586,2914,369,0,0,0,0,0,0,0,0,0,0,0,0,0,0,0
0,0,0,0,0,0,0,0,0,0,0,0,0,0,0,45,1154,768,222,22868,30334,11310,6659,4443,3460,8814,5678,1371,1691,162,50,1488,883,342,29631,37491,15900,7375,7607,5907,14333,8480,2937,3299,446,56,2114,940,600,48292,43295,24568,6270,13853,15182,27907,12106,8681,7738,1606
0,0,0,0,0,0,0,0,0,0,0,0,0,0,0,34,953,444,117,20979,19185,10215,2969,2760,3197,5136,2357,804,587,71,44,1381,695,251,29272,31025,15647,5247,6206,5878,11296,5700,2325,2049,248,49,1999,728,448,48941,36225,24981,4420,11542,15507,22363,7968,7140,5020,1016
0,0,0,0,0,0,0,0,0,0,0,0,0,0,0,0,0,0,0,0,0,0,0,0,0,0,0,0,0,0,44,1331,679,267,29370,29663,14475,4963,5655,5551,11846,5652,2207,2325,304,0,0,0,0,0,0,0,0,0,0,0,0,0,0,0
106,3032,2356,3209,35029,52355,17520,15639,40877,25099,76269,57335,53991,83437,36509,0,0,0,0,0,0,0,0,0,0,0,0,0,0,0,39,1269,542,199,28823,25160,14733,3601,4988,5645,9278,3893,1904,1465,180,0,0,0,0,0,0,0,0,0,0,0,0,0,0,0
0,0,0,0,0,0,0,0,0,0,0,0,0,0,0,0,0,0,0,0,0,0,0,0,0,0,0,0,0,0,0,0,0,0,0,0,0,0,0,0,0,0,0,0,0,0,0,0,0,0,0,0,0,0,0,0,0,0,0,0
0,0,0,0,0,0,0,0,0,0,0,0,0,0,0,0,0,0,0,0,0,0,0,0,0,0,0,0,0,0,0,0,0,0,0,0,0,0,0,0,0,0,0,0,0,0,0,0,0,0,0,0,0,0,0,0,0,0,0,0
0,0,0,0,0,0,0,0,0,0,0,0,0,0,0,0,0,0,0,0,0,0,0,0,0,0,0,0,0,0,0,0,0,0,0,0,0,0,0,0,0,0,0,0,0,0,0,0,0,0,0,0,0,0,0,0,0,0,0,0
0,0,0,0,0,0,0,0,0,0,0,0,0,0,0,0,0,0,0,0,0,0,0,0,0,0,0,0,0,0,37,1161,454,212,27726,20718,12890,2457,3923,5130,9772,3461,1730,1597,255,0,0,0,0,0,0,0,0,0,0,0,0,0,0,0
0,0,0,0,0,0,0,0,0,0,0,0,0,0,0,37,975,515,151,21603,21084,9716,3567,2927,3022,6350,3216,906,892,95,54,1487,1017,414,29450,40640,14673,8921,7732,5565,16495,10825,3106,4471,587,0,0,0,0,0,0,0,0,0,0,0,0,0,0,0
0,0,0,0,0,0,0,0,0,0,0,0,0,0,0,37,988,513,153,21601,21281,9958,3531,3047,3204,6345,3210,924,942,87,41,1306,588,232,28657,26910,15037,3907,5282,5778,10632,4683,2067,1845,225,0,0,0,0,0,0,0,0,0,0,0,0,0,0,0
0,0,0,0,0,0,0,0,0,0,0,0,0,0,0,0,0,0,0,0,0,0,0,0,0,0,0,0,0,0,39,1230,533,208,28646,24404,13930,3378,4594,5411,9514,4011,1817,1565,185,58,2108,989,664,48223,44533,23322,6641,13735,14627,30081,13279,9036,8903,2033
0,0,0,0,0,0,0,0,0,0,0,0,0,0,0,37,1020,506,160,21511,21496,10722,3423,3143,3309,6882,3210,1028,1021,116,56,1544,1119,421,29118,44227,15448,10698,8710,5800,16781,11918,3246,4496,608,59,2173,1064,647,48067,47851,24359,7764,15237,15269,29431,14335,9139,8686,1724
86,3491,1548,2107,56211,48877,29999,8388,38219,40389,70630,30435,50395,43998,19519,35,971,460,135,21079,19689,10225,3009,2890,3178,5735,2685,905,783,68,41,1290,555,265,28477,25156,14571,3329,4925,5495,12046,4691,2274,2276,364,0,0,0,0,0,0,0,0,0,0,0,0,0,0,0
95,3300,1862,2603,48153,51056,23289,10871,38978,33182,76314,40338,52437,59877,27329,35,981,445,150,21157,19235,10452,2754,2835,3202,6487,2740,981,943,108,40,1268,568,212,28700,25851,14613,3796,5019,5575,9723,4313,1920,1570,201,0,0,0,0,0,0,0,0,0,0,0,0,0,0,0
93,3404,1782,2496,47007,49796,27287,10060,40399,34096,74022,37526,54276,56930,25250,0,0,0,0,0,0,0,0,0,0,0,0,0,0,0,41,1315,604,216,29065,27510,15210,4221,5533,5786,9954,4643,2035,1607,189,63,2217,1190,763,46193,51262,24092,9055,16195,14586,33246,17132,10278,11161,2363
96,3332,1898,2662,44092,50713,25547,11103,40473,31457,75695,41660,54593,61783,28334,0,0,0,0,0,0,0,0,0,0,0,0,0,0,0,46,1358,748,287,29703,32027,14236,5725,6108,5669,12305,6604,2281,2529,322,60,2173,1095,675,47995,48557,23922,8109,15316,15033,30178,14942,9420,9299,1870
0,0,0,0,0,0,0,0,0,0,0,0,0,0,0,0,0,0,0,0,0,0,0,0,0,0,0,0,0,0,0,0,0,0,0,0,0,0,0,0,0,0,0,0,0,0,0,0,0,0,0,0,0,0,0,0,0,0,0,0
0,0,0,0,0,0,0,0,0,0,0,0,0,0,0,26,831,254,71,18459,12243,10113,1220,2006,3043,3444,1075,538,286,19,40,1258,575,205,28907,26196,14158,4012,4908,5558,9494,4144,1778,1526,198,0,0,0,0,0,0,0,0,0,0,0,0,0,0,0
0,0,0,0,0,0,0,0,0,0,0,0,0,0,0,0,0,0,0,0,0,0,0,0,0,0,0,0,0,0,56,1546,1101,439,28772,43544,15491,10140,8570,5689,17500,12082,3423,4870,628,0,0,0,0,0,0,0,0,0,0,0,0,0,0,0
0,0,0,0,0,0,0,0,0,0,0,0,0,0,0,0,0,0,0,0,0,0,0,0,0,0,0,0,0,0,45,1372,710,280,29328,31222,15145,5238,6031,5760,12380,6211,2352,2394,347,0,0,0,0,0,0,0,0,0,0,0,0,0,0,0
0,0,0,0,0,0,0,0,0,0,0,0,0,0,0,36,996,456,174,21178,19474,10427,2698,2869,3132,7422,3117,1113,1176,149,44,1391,648,298,28490,29074,16076,4213,5883,5745,13497,5918,2738,2741,372,0,0,0,0,0,0,0,0,0,0,0,0,0,0,0
0,0,0,0,0,0,0,0,0,0,0,0,0,0,0,34,994,422,139,20786,18763,11136,2526,2874,3356,6203,2552,1044,822,84,38,1210,522,181,28747,24003,13417,3430,4581,5535,8409,3645,1598,1212,149,0,0,0,0,0,0,0,0,0,0,0,0,0,0,0
0,0,0,0,0,0,0,0,0,0,0,0,0,0,0,29,873,322,84,19636,14871,10220,1833,2233,3051,3821,1405,643,385,31,38,1262,500,203,28224,23755,15155,3011,4632,5637,9761,3745,1957,1477,203,0,0,0,0,0,0,0,0,0,0,0,0,0,0,0
0,0,0,0,0,0,0,0,0,0,0,0,0,0,0,32,941,373,123,20444,16722,10361,2093,2613,3270,5501,2115,861,681,71,42,1323,607,254,28850,27498,15160,4037,5406,5632,11477,5052,2228,2065,326,0,0,0,0,0,0,0,0,0,0,0,0,0,0,0
0,0,0,0,0,0,0,0,0,0,0,0,0,0,0,38,1080,531,172,21694,23033,11770,3680,3510,3397,7483,3475,1212,1126,155,38,1254,500,203,28229,23541,14814,3038,4722,5600,9585,3715,1914,1456,227,0,0,0,0,0,0,0,0,0,0,0,0,0,0,0
0,0,0,0,0,0,0,0,0,0,0,0,0,0,0,40,1063,601,179,22145,24590,10628,4505,3630,3268,7313,4069,1147,1185,121,0,0,0,0,0,0,0,0,0,0,0,0,0,0,0,0,0,0,0,0,0,0,0,0,0,0,0,0,0,0
0,0,0,0,0,0,0,0,0,0,0,0,0,0,0,0,0,0,0,0,0,0,0,0,0,0,0,0,0,0,0,0,0,0,0,0,0,0,0,0,0,0,0,0,0,57,2112,982,614,48389,44954,24118,6911,13952,14988,28240,12604,8587,8069,1676
0,0,0,0,0,0,0,0,0,0,0,0,0,0,0,36,1043,480,150,21307,21101,11459,3171,3303,3498,6688,2943,1055,921,105,47,1405,762,319,29164,32877,15159,5710,6491,5805,13713,7085,2529,2990,430,55,2155,938,547,48388,44308,26080,6694,14478,15773,26156,11444,8475,6744,1353
84,3556,1414,2072,54223,44982,34927,6846,37479,39169,69634,26593,52787,42224,19621,36,996,497,133,21686,21294,10323,3503,3104,3307,5622,2822,868,745,70,42,1363,625,236,29115,28933,15976,4382,5735,5890,10988,5018,2246,1818,262,0,0,0,0,0,0,0,0,0,0,0,0,0,0,0
84,3604,1494,1992,54500,47672,35189,8211,40186,41436,66910,28335,52089,41205,17533,0,0,0,0,0,0,0,0,0,0,0,0,0,0,0,32,1077,344,152,26097,16714,13172,1644,3243,5050,7413,2217,1387,954,145,66,2222,1336,809,46764,55346,22437,11191,17348,14469,33786,19849,10301,12233,2487
89,3521,1645,2271,49739,48477,31884,9013,40950,36660,71043,33311,54214,49454,21786,38,1023,531,172,21715,22163,10489,3639,3236,3251,7094,3524,1061,1151,122,45,1351,692,298,29307,29819,14531,4774,5816,5526,12975,6401,2509,2632,383,0,0,0,0,0,0,0,0,0,0,0,0,0,0,0
96,3398,1921,2639,41535,50428,27919,11480,43049,31249,73674,41984,56305,62166,27250,35,952,463,132,21319,19424,9734,3160,2846,3084,5540,2502,856,795,88,44,1353,696,250,29617,30838,14909,5290,5890,5782,11139,5656,2211,2050,248,54,2089,880,551,48898,41622,24702,5818,13225,15230,26177,10790,8234,6726,1470
76,3648,1256,1594,62931,44354,38940,6534,38157,47638,59410,21769,46761,29804,12193,46,1170,795,240,22816,31071,11364,6937,4584,3447,9465,6148,1473,1873,222,42,1338,630,231,29265,28671,15346,4470,5811,5792,10489,5022,2038,1746,242,61,2188,1124,706,47671,49216,23992,8342,15548,14671,31140,15660,9914,9970,2018
80,3604,1351,1809,59514,45153,35579,6755,38536,44629,64607,24927,48942,35259,15219,40,1081,596,184,21849,24546,11225,4417,3734,3436,7687,4067,1229,1263,133,45,1365,710,280,29176,31045,14881,5220,6014,5823,12315,6223,2336,2424,323,58,2176,1026,627,47987,46673,25261,7499,15122,15226,28603,13347,9256,8265,1745
95,3371,1872,2593,44773,50849,26869,11038,40857,32221,74725,40548,54793,59886,26943,38,1047,552,151,21925,23380,10907,4080,3482,3380,6395,3358,1000,916,82,40,1263,580,200,29022,26332,14124,4033,5142,5680,9131,4233,1755,1475,139,41,1813,503,317,47655,27178,24538,2501,8655,15065,17234,4621,5399,2872,666
81,3618,1407,1833,58607,46672,35937,7651,39413,43977,64466,25865,49738,36470,15334,37,1015,512,154,21490,21522,10596,3537,3268,3351,6544,3184,969,941,108,43,1323,651,252,29272,28666,14523,4629,5601,5673,11278,5349,2210,2106,257,60,2220,1101,669,47137,48998,25382,8229,16158,15220,30002,15018,9832,9135,1838
83,3581,1417,1986,55556,45367,35324,7175,38657,40912,67841,26584,51560,40084,18038,33,939,394,134,20647,17328,10202,2226,2568,3103,5854,2393,865,750,87,38,1218,505,198,28467,23217,13863,3112,4499,5418,9299,3718,1776,1408,198,0,0,0,0,0,0,0,0,0,0,0,0,0,0,0
92,3471,1749,2437,45940,49555,30333,9846,41302,34138,73152,36599,55275,54674,24461,0,0,0,0,0,0,0,0,0,0,0,0,0,0,0,46,1379,742,293,29611,31936,14608,5526,6227,5718,12731,6746,2467,2578,330,0,0,0,0,0,0,0,0,0,0,0,0,0,0,0
82,3577,1400,1921,57879,45673,34928,7227,38319,42126,66400,25948,50513,38423,16962,32,896,402,94,20230,17434,9500,2665,2465,3048,4172,1806,620,453,36,38,1180,504,199,28109,23027,13310,3094,4066,5231,9093,3705,1704,1452,185,60,2175,1075,695,47413,47584,24143,7703,15039,14769,31257,14788,9703,9665,2064
98,3342,1968,2785,37635,50111,27965,11782,42348,28359,75075,43311,57146,66960,30043,36,977,482,148,21387,20089,9959,3195,2962,3139,6278,2950,952,903,92,45,1334,716,274,29621,30588,13791,5411,5913,5628,11838,6101,2222,2353,325,69,2230,1427,919,44916,57014,21991,11820,17543,13606,36998,22707,11271,14735,3132
91,3429,1692,2403,49198,48891,28373,9153,39576,35337,74265,35191,53151,52747,24394,35,997,461,134,21435,20122,10632,3023,3101,3334,5808,2686,883,772,64,48,1401,825,303,29961,34551,14508,6751,6795,5694,12854,7460,2426,2777,308,67,2287,1388,823,45302,57508,24033,12007,18705,14631,34166,20779,10929,12641,2478
87,3521,1553,2188,52309,47425,32389,8006,39243,38003,70627,30818,53134,46351,20820,41,1125,634,186,22240,26738,11910,4945,3978,3556,7766,4314,1270,1263,138,0,0,0,0,0,0,0,0,0,0,0,0,0,0,0,0,0,0,0,0,0,0,0,0,0,0,0,0,0,0
85,3578,1529,2041,54432,47699,33452,8376,40570,40792,67809,29567,51952,42645,18182,32,974,366,130,20295,16816,11342,1975,2765,3446,5898,2159,975,737,89,54,1473,1016,415,29175,40219,14501,8890,7629,5652,16584,10881,3004,4400,633,54,2041,882,549,49655,41364,23196,5754,12666,15007,25873,10935,7802,6732,1383
100,3232,2053,2897,39180,51483,24097,12465,40392,27383,76457,46807,55622,70185,32243,0,0,0,0,0,0,0,0,0,0,0,0,0,0,0,0,0,0,0,0,0,0,0,0,0,0,0,0,0,0,52,2032,820,506,49694,39392,23890,5223,12294,15251,24490,9686,7581,5959,1232
90,3519,1690,2315,48062,48989,31914,9678,41920,35959,71146,34336,54608,51014,22452,29,875,314,92,19492,14516,9937,1680,2203,3131,4232,1504,673,430,40,49,1445,833,343,29152,35085,15501,6505,6933,5774,14749,8173,2830,3290,456,0,0,0,0,0,0,0,0,0,0,0,0,0,0,0
89,3516,1624,2292,48782,48194,32316,8726,40322,36358,72080,32853,54245,49404,22581,34,959,422,139,20780,18357,10197,2572,2737,3196,5970,2487,923,814,111,49,1456,849,327,29592,35778,15616,6875,7272,5751,13862,8093,2852,3092,364,64,2193,1242,774,47246,52648,22813,9748,16052,14351,33077,18182,10165,11396,2338
82,3571,1356,1965,56161,44113,35605,6664,37096,41145,68344,24621,51301,39246,18029,39,1069,536,205,21521,22575,11194,3446,3383,3226,8615,3989,1333,1516,188,48,1427,806,322,29364,34467,15234,6294,6732,5862,13794,7580,2672,3034,388,61,2174,1132,698,47896,49486,23550,8686,15611,14760,30736,15468,9498,9794,2042
89,3527,1631,2285,48348,48068,32854,8850,40744,36295,71534,32869,54643,49609,22236,42,1151,649,212,21997,27029,12030,4893,4236,3590,8872,4862,1409,1557,168,49,1394,833,343,29654,34562,14072,6513,6400,5600,14276,8143,2637,3326,442,62,2227,1174,717,46993,51604,24719,9076,16371,14993,31373,16499,10064,10214,2031
92,3500,1750,2436,44309,48962,32096,9882,42357,33667,72176,36589,56324,54676,24433,0,0,0,0,0,0,0,0,0,0,0,0,0,0,0,0,0,0,0,0,0,0,0,0,0,0,0,0,0,0,61,2217,1165,665,48177,51760,24617,9339,16447,15260,29350,15811,9508,9096,1744
80,3626,1378,1782,59409,45964,36170,7460,39771,45094,63532,25155,48708,34794,14751,0,0,0,0,0,0,0,0,0,0,0,0,0,0,0,0,0,0,0,0,0,0,0,0,0,0,0,0,0,0,51,2038,766,509,48593,37377,24949,4576,11837,15197,25027,8885,7911,6036,1328
0,0,0,0,0,0,0,0,0,0,0,0,0,0,0,0,0,0,0,0,0,0,0,0,0,0,0,0,0,0,47,1386,793,288,29939,33703,14478,6407,6454,5658,12327,6952,2409,2560,296,0,0,0,0,0,0,0,0,0,0,0,0,0,0,0
0,0,0,0,0,0,0,0,0,0,0,0,0,0,0,27,803,273,78,18570,12582,9042,1380,1845,2872,3618,1181,494,323,41,43,1317,645,258,29069,28433,14432,4553,5492,5630,11563,5305,2167,2176,307,0,0,0,0,0,0,0,0,0,0,0,0,0,0,0
0,0,0,0,0,0,0,0,0,0,0,0,0,0,0,0,0,0,0,0,0,0,0,0,0,0,0,0,0,0,0,0,0,0,0,0,0,0,0,0,0,0,0,0,0,0,0,0,0,0,0,0,0,0,0,0,0,0,0,0
0,0,0,0,0,0,0,0,0,0,0,0,0,0,0,38,1007,550,153,21849,22555,10245,4028,3257,3249,6296,3387,947,942,79,44,1337,691,255,29506,30323,14402,5208,5717,5595,11302,5620,2216,2158,258,0,0,0,0,0,0,0,0,0,0,0,0,0,0,0
92,3477,1783,2403,46545,50454,29798,10607,42707,35500,72167,37385,54186,53879,23709,31,905,369,96,20167,16553,9902,2274,2458,3181,4377,1706,652,467,48,54,1497,1036,395,29675,41511,14641,9347,7971,5758,15842,10884,3023,4063,510,0,0,0,0,0,0,0,0,0,0,0,0,0,0,0
97,3348,1980,2676,42463,51678,25903,12285,42604,31328,74038,43836,55242,63573,27746,31,935,331,134,19978,15292,10889,1628,2403,3050,6046,1965,953,785,117,52,1484,982,344,30282,40271,15051,8917,7853,5863,14037,9545,2835,3259,379,0,0,0,0,0,0,0,0,0,0,0,0,0,0,0
0,0,0,0,0,0,0,0,0,0,0,0,0,0,0,38,1030,529,174,21710,21920,10464,3609,3299,3274,7322,3514,1135,1189,124,45,1409,700,290,29117,31286,15927,5029,6299,5755,12852,6234,2630,2545,382,0,0,0,0,0,0,0,0,0,0,0,0,0,0,0
0,0,0,0,0,0,0,0,0,0,0,0,0,0,0,33,926,402,126,20524,17589,9935,2390,2474,3033,5465,2290,815,712,64,0,0,0,0,0,0,0,0,0,0,0,0,0,0,0,0,0,0,0,0,0,0,0,0,0,0,0,0,0,0
0,0,0,0,0,0,0,0,0,0,0,0,0,0,0,0,0,0,0,0,0,0,0,0,0,0,0,0,0,0,0,0,0,0,0,0,0,0,0,0,0,0,0,0,0,0,0,0,0,0,0,0,0,0,0,0,0,0,0,0
94,3430,1831,2540,43610,49944,28883,10639,42253,33000,73630,39090,55455,58355,25960,33,971,416,112,20947,18781,10821,2674,2903,3319,4959,2147,763,580,55,41,1307,566,254,28478,25807,15057,3492,5099,5670,11769,4762,2253,2074,332,0,0,0,0,0,0,0,0,0,0,0,0,0,0,0
90,3480,1676,2329,49386,49078,30244,9399,40484,36240,72520,34175,53577,50941,22965,39,1078,574,167,22148,24345,11328,4254,3692,3542,7027,3687,1104,1102,96,48,1415,821,307,29845,34818,14837,6699,6781,5806,13013,7436,2556,2797,364,52,2047,789,537,48424,38121,24721,4593,12046,15096,26118,9632,8033,6407,1468
99,3198,1977,2874,41930,50240,21835,11253,38690,28779,78142,44388,53821,69234,31974,42,1139,642,219,22059,26586,11957,4745,4149,3562,9013,4896,1401,1653,186,48,1400,823,305,29928,34669,14536,6716,6601,5734,12911,7484,2509,2742,354,0,0,0,0,0,0,0,0,0,0,0,0,0,0,0
0,0,0,0,0,0,0,0,0,0,0,0,0,0,0,36,1009,478,152,21326,20509,10885,3147,3066,3248,6638,2931,1018,949,113,51,1474,932,343,29930,38624,15218,8094,7633,5926,14258,9031,2776,3324,376,0,0,0,0,0,0,0,0,0,0,0,0,0,0,0
0,0,0,0,0,0,0,0,0,0,0,0,0,0,0,42,1119,667,194,22599,27387,11363,5336,4038,3492,8028,4651,1194,1370,123,43,1312,635,268,28960,27975,14381,4315,5243,5580,12125,5405,2259,2280,341,0,0,0,0,0,0,0,0,0,0,0,0,0,0,0
0,0,0,0,0,0,0,0,0,0,0,0,0,0,0,0,0,0,0,0,0,0,0,0,0,0,0,0,0,0,0,0,0,0,0,0,0,0,0,0,0,0,0,0,0,68,2266,1426,852,45686,58154,22879,12182,18354,14288,35058,22251,10951,13068,2615
0,0,0,0,0,0,0,0,0,0,0,0,0,0,0,0,0,0,0,0,0,0,0,0,0,0,0,0,0,0,44,1363,687,259,29143,30364,15415,5068,6118,5833,11463,5749,2273,2152,275,0,0,0,0,0,0,0,0,0,0,0,0,0,0,0
0,0,0,0,0,0,0,0,0,0,0,0,0,0,0,0,0,0,0,0,0,0,0,0,0,0,0,0,0,0,0,0,0,0,0,0,0,0,0,0,0,0,0,0,0,0,0,0,0,0,0,0,0,0,0,0,0,0,0,0
0,0,0,0,0,0,0,0,0,0,0,0,0,0,0,0,0,0,0,0,0,0,0,0,0,0,0,0,0,0,0,0,0,0,0,0,0,0,0,0,0,0,0,0,0,0,0,0,0,0,0,0,0,0,0,0,0,0,0,0
0,0,0,0,0,0,0,0,0,0,0,0,0,0,0,0,0,0,0,0,0,0,0,0,0,0,0,0,0,0,46,1357,729,306,29368,31168,14442,5342,5934,5526,12973,6607,2528,2836,395,0,0,0,0,0,0,0,0,0,0,0,0,0,0,0
0,0,0,0,0,0,0,0,0,0,0,0,0,0,0,0,0,0,0,0,0,0,0,0,0,0,0,0,0,0,0,0,0,0,0,0,0,0,0,0,0,0,0,0,0,0,0,0,0,0,0,0,0,0,0,0,0,0,0,0
0,0,0,0,0,0,0,0,0,0,0,0,0,0,0,0,0,0,0,0,0,0,0,0,0,0,0,0,0,0,43,1352,649,254,29135,29165,15298,4609,5794,5800,11515,5342,2258,2098,292,0,0,0,0,0,0,0,0,0,0,0,0,0,0,0
0,0,0,0,0,0,0,0,0,0,0,0,0,0,0,0,0,0,0,0,0,0,0,0,0,0,0,0,0,0,0,0,0,0,0,0,0,0,0,0,0,0,0,0,0,0,0,0,0,0,0,0,0,0,0,0,0,0,0,0
0,0,0,0,0,0,0,0,0,0,0,0,0,0,0,0,0,0,0,0,0,0,0,0,0,0,0,0,0,0,44,1306,679,267,29638,29284,13691,4941,5521,5397,11506,5697,2163,2301,305,0,0,0,0,0,0,0,0,0,0,0,0,0,0,0
0,0,0,0,0,0,0,0,0,0,0,0,0,0,0,37,1001,511,155,21661,21516,10086,3520,3094,3175,6478,3174,927,977,99,0,0,0,0,0,0,0,0,0,0,0,0,0,0,0,0,0,0,0,0,0,0,0,0,0,0,0,0,0,0
96,3307,1888,2672,44602,50161,24187,10928,40162,31926,75996,40868,53842,62952,28132,0,0,0,0,0,0,0,0,0,0,0,0,0,0,0,49,1435,860,316,29895,36146,15133,7204,7018,5851,13468,7949,2615,2910,361,0,0,0,0,0,0,0,0,0,0,0,0,0,0,0
96,3352,1900,2660,42717,50628,26579,11232,41319,31399,75058,41245,55058,62414,27989,36,1025,478,152,21499,20691,11098,3126,3226,3376,6624,2962,1054,950,102,47,1401,770,311,29502,32836,14924,5809,6538,5743,13418,7212,2558,2799,395,0,0,0,0,0,0,0,0,0,0,0,0,0,0,0
0,0,0,0,0,0,0,0,0,0,0,0,0,0,0,0,0,0,0,0,0,0,0,0,0,0,0,0,0,0,0,0,0,0,0,0,0,0,0,0,0,0,0,0,0,0,0,0,0,0,0,0,0,0,0,0,0,0,0,0
80,3528,1280,1880,60527,43898,33719,5816,34588,43140,68260,23063,48689,36266,17015,0,0,0,0,0,0,0,0,0,0,0,0,0,0,0,41,1279,601,219,29293,27208,14055,4207,5209,5651,9692,4585,1921,1648,220,57,2187,979,617,47311,45090,26272,6707,14979,15290,28608,12856,9408,8012,1685
85,3481,1469,2101,56876,46784,30176,7287,36697,40155,71510,28295,50358,43476,19712,0,0,0,0,0,0,0,0,0,0,0,0,0,0,0,0,0,0,0,0,0,0,0,0,0,0,0,0,0,0,61,2208,1113,717,46952,49060,24769,8054,15665,14754,31818,15724,10136,10057,2155
90,3536,1721,2284,48539,49797,31791,9974,42894,36814,69827,35441,54646,50644,21421,0,0,0,0,0,0,0,0,0,0,0,0,0,0,0,0,0,0,0,0,0,0,0,0,0,0,0,0,0,0,0,0,0,0,0,0,0,0,0,0,0,0,0,0,0
86,3526,1531,2124,54264,47451,31881,8110,39139,39323,70159,29858,51911,44558,19814,0,0,0,0,0,0,0,0,0,0,0,0,0,0,0,0,0,0,0,0,0,0,0,0,0,0,0,0,0,0,66,2255,1340,805,46109,55773,23664,11167,17658,14393,33728,20099,10879,12061,2433
97,3353,1950,2706,41114,50513,26647,11468,42335,30437,74541,43315,56082,64216,28441,0,0,0,0,0,0,0,0,0,0,0,0,0,0,0,41,1283,613,207,29563,27871,14258,4436,5250,5615,9389,4547,1780,1505,172,59,2182,1081,630,48399,48826,24654,8245,15559,15370,28394,14227,9109,8428,1609
97,3389,1955,2701,39518,50180,28919,11764,43433,29415,73346,43171,57476,64091,28414,38,1040,545,158,21871,22836,10857,3968,3463,3329,6688,3348,1015,1020,100,41,1266,591,229,29109,26475,13768,3965,5000,5549,10265,4697,1950,1760,238,0,0,0,0,0,0,0,0,0,0,0,0,0,0,0
86,3637,1592,2063,50916,48119,35328,8995,43452,40539,66710,31476,53706,43791,18078,46,1153,784,251,22802,30461,10923,6572,4425,3422,9680,6373,1447,2034,201,46,1418,762,273,29447,33449,15734,6108,6771,6032,12043,6428,2388,2348,296,60,2202,1099,671,47630,49136,24884,8171,15772,15147,29902,15046,9668,9137,1866
94,3442,1853,2518,44298,50193,29248,10882,42862,32900,72067,39752,56061,58326,25084,33,938,389,139,20494,17052,10206,2187,2504,3104,6108,2326,924,846,97,43,1350,641,262,29118,28862,15357,4450,5584,5671,11956,5360,2357,2211,320,68,2241,1399,879,45261,56637,22618,11587,17794,13978,35758,21870,11082,13833,2826
86,3535,1544,2111,54191,47794,31774,8145,39607,39977,69181,30297,52143,44667,19231,33,944,402,126,20805,17768,10175,2400,2642,3186,5418,2274,869,714,68,0,0,0,0,0,0,0,0,0,0,0,0,0,0,0,63,2251,1216,737,46391,52608,25096,9586,17100,14825,31824,17410,10465,10598,2117
104,3144,2254,3102,34036,51484,21704,14505,42528,25066,74466,53342,56413,79709,34548,26,824,249,76,18327,11929,10170,1187,1957,3044,3635,1040,561,335,38,35,1136,430,165,27483,20234,13107,2460,3810,5126,7882,2868,1444,1074,143,58,2147,1015,638,48311,46029,24317,7168,14479,15018,28986,13438,9203,8460,1790
93,3462,1802,2476,44949,49906,29823,10302,42196,33612,72314,38227,55946,56622,24615,34,979,450,111,21184,19880,10834,3083,3010,3280,4887,2294,760,563,44,47,1437,774,307,29254,33994,15995,5921,6635,5849,13410,7128,2714,2811,355,60,2171,1079,691,47804,48109,23915,7814,14932,14787,30880,14782,9618,9576,2048
88,3592,1661,2167,49925,48893,33623,9588,43330,38518,67795,33380,54578,47322,19446,33,938,404,124,20852,17671,9912,2521,2632,3167,5437,2121,822,719,95,0,0,0,0,0,0,0,0,0,0,0,0,0,0,0,69,2271,1477,869,45319,59313,22801,13202,18994,14224,35023,22845,11052,13663,2684
90,3505,1716,2289,49729,49675,30062,9957,42177,37209,70216,35101,53850,50935,21487,0,0,0,0,0,0,0,0,0,0,0,0,0,0,0,38,1262,525,178,28467,24834,14985,3526,5000,5817,8542,3578,1659,1166,166,61,2166,1101,729,47219,48159,23488,7770,14937,14523,32135,15643,9896,10363,2214
94,3423,1796,2575,42778,48571,30197,9943,41188,31159,73738,38104,56827,59195,26802,0,0,0,0,0,0,0,0,0,0,0,0,0,0,0,0,0,0,0,0,0,0,0,0,0,0,0,0,0,0,64,2195,1280,736,48260,54031,22515,10642,16712,14680,31386,18414,9722,10606,2002
91,3417,1700,2395,50200,49200,27829,9177,39111,35360,73020,35197,53544,53375,23736,35,987,437,158,21093,18978,10627,2599,2821,3226,6824,2805,1057,1014,127,39,1230,540,201,28690,24660,13626,3547,4706,5519,9214,3940,1727,1459,193,0,0,0,0,0,0,0,0,0,0,0,0,0,0,0
89,3488,1666,2250,51944,49422,29441,9551,40787,37951,70476,33262,52736,49765,20986,40,1101,595,185,22129,25048,11419,4340,3843,3536,7819,4167,1193,1256,117,43,1308,662,241,29454,29058,14051,4855,5570,5635,10696,5321,2021,1935,230,0,0,0,0,0,0,0,0,0,0,0,0,0,0,0
88,3551,1642,2186,51196,48782,32095,9269,41944,38444,68917,32928,53675,47549,19990,37,1020,497,169,21557,21089,10617,3221,3180,3290,7103,3333,1084,1066,150,47,1386,791,290,29822,33727,14581,6362,6415,5748,12489,6943,2355,2623,287,0,0,0,0,0,0,0,0,0,0,0,0,0,0,0
92,3463,1778,2408,47334,49970,29238,10518,42309,35095,71591,36890,54477,54686,23486,0,0,0,0,0,0,0,0,0,0,0,0,0,0,0,0,0,0,0,0,0,0,0,0,0,0,0,0,0,0,0,0,0,0,0,0,0,0,0,0,0,0,0,0,0
89,3560,1688,2228,49003,49506,32502,9854,43179,37989,69100,34211,54158,48872,20627,39,1053,590,151,22179,24411,10810,4585,3679,3465,6253,3588,996,899,67,51,1507,925,350,29406,38724,15953,7991,7998,6067,14740,8978,2945,3396,460,72,2278,1578,978,43079,60989,22066,14026,19386,13554,37933,26028,12022,16326,3260
104,3100,2176,3180,33022,49676,22488,12839,40178,22941,77408,51799,55930,79837,37629,41,1065,637,183,22533,25508,10503,5041,3824,3310,7332,4234,1056,1252,133,45,1353,714,276,29634,30989,14348,5313,5977,5717,12081,6202,2254,2359,316,66,2239,1330,815,45959,55200,23106,10981,17455,14501,34211,19946,10607,12285,2548
106,3098,2312,3253,29256,50399,23096,14720,42459,21458,74657,55830,57658,84628,37742,39,1106,582,159,22148,25119,11987,4445,3897,3676,6887,3593,1114,1013,88,0,0,0,0,0,0,0,0,0,0,0,0,0,0,0,0,0,0,0,0,0,0,0,0,0,0,0,0,0,0
90,3497,1675,2330,48591,48758,31199,9021,40717,35896,71687,34543,54677,51251,22665,40,1066,589,191,21903,24286,10892,4275,3546,3356,7848,4112,1174,1333,160,50,1448,877,348,29783,36509,14961,7212,7153,5719,14475,8568,2831,3324,496,65,2232,1256,824,45268,52835,23580,9725,16717,14254,34943,18737,10818,12479,2739
82,3662,1442,1879,55336,46517,37480,7718,41329,43336,64719,27214,51364,37778,15850,43,1175,699,204,22670,29003,12230,5731,4591,3685,8361,4992,1402,1482,136,53,1475,1022,356,30386,41196,14451,9544,7854,5817,14370,10004,2713,3482,396,0,0,0,0,0,0,0,0,0,0,0,0,0,0,0
95,3287,1809,2656,46310,49286,24172,9929,38051,31815,77248,38499,53171,61452,28535,47,1193,816,265,22878,31808,11523,7044,4823,3444,10286,6674,1569,2240,257,43,1303,638,265,29130,28068,14042,4279,5271,5510,11824,5556,2146,2209,297,51,2023,774,501,48799,37676,24493,4623,11794,15281,24506,9108,7690,5841,1253
69,3499,962,1384,70376,37178,37761,3979,30203,49876,57390,14669,41479,23179,10567,30,871,337,98,19647,15091,9638,1868,2250,2983,4404,1685,632,462,45,49,1422,858,318,30069,36080,14699,7149,6904,5712,13256,7960,2556,2959,356,62,2238,1181,710,46997,51735,24817,9266,16682,15041,31085,16470,10167,10122,1962
0,0,0,0,0,0,0,0,0,0,0,0,0,0,0,0,0,0,0,0,0,0,0,0,0,0,0,0,0,0,0,0,0,0,0,0,0,0,0,0,0,0,0,0,0,59,2197,1044,667,47141,46981,25438,7419,15315,14987,30131,14065,9842,9121,1904
0,0,0,0,0,0,0,0,0,0,0,0,0,0,0,0,0,0,0,0,0,0,0,0,0,0,0,0,0,0,0,0,0,0,0,0,0,0,0,0,0,0,0,0,0,0,0,0,0,0,0,0,0,0,0,0,0,0,0,0
0,0,0,0,0,0,0,0,0,0,0,0,0,0,0,0,0,0,0,0,0,0,0,0,0,0,0,0,0,0,0,0,0,0,0,0,0,0,0,0,0,0,0,0,0,0,0,0,0,0,0,0,0,0,0,0,0,0,0,0
105,3047,2262,3198,34665,51041,18712,14290,40141,24661,76873,53746,54346,82624,36800,34,969,437,124,21283,19185,10384,2827,2875,3226,5302,2407,870,689,61,0,0,0,0,0,0,0,0,0,0,0,0,0,0,0,0,0,0,0,0,0,0,0,0,0,0,0,0,0,0
0,0,0,0,0,0,0,0,0,0,0,0,0,0,0,44,1129,729,217,22803,28811,10957,6057,4273,3382,8608,5416,1291,1615,156,67,1586,1622,589,28428,55795,13301,18915,10472,5309,20307,20587,3815,7511,892,0,0,0,0,0,0,0,0,0,0,0,0,0,0,0
46,3034,483,552,75765,23346,42487,1782,20337,56767,28444,4741,22033,6424,2233,44,1150,743,203,23005,29756,11358,6451,4564,3595,8090,5209,1238,1435,149,0,0,0,0,0,0,0,0,0,0,0,0,0,0,0,56,2104,970,570,49569,44834,23707,6904,14031,15352,26562,12228,8131,7212,1376
104,3082,2217,3139,35709,51233,19642,13719,40098,25316,77049,52413,54484,80151,35821,48,1173,856,272,22896,32193,10898,7600,4723,3321,10276,7140,1608,2296,260,0,0,0,0,0,0,0,0,0,0,0,0,0,0,0,55,2107,920,565,48731,43206,24831,6195,13652,15291,26576,11558,8346,7059,1423
98,3259,1942,2811,41142,49700,24130,11053,39921,29281,76969,43029,54806,67215,30799,0,0,0,0,0,0,0,0,0,0,0,0,0,0,0,0,0,0,0,0,0,0,0,0,0,0,0,0,0,0,0,0,0,0,0,0,0,0,0,0,0,0,0,0,0
94,3352,1791,2580,46180,49421,26177,9866,39178,32688,76077,38059,53941,59056,27063,45,1179,749,241,22713,29973,11704,6229,4591,3480,9619,5792,1551,1936,233,0,0,0,0,0,0,0,0,0,0,0,0,0,0,0,0,0,0,0,0,0,0,0,0,0,0,0,0,0,0
94,3367,1822,2549,46840,49999,25800,10401,40328,33487,74670,38751,53903,58919,25973,39,1062,574,167,22011,24059,11086,4234,3596,3423,6891,3736,1107,1064,105,0,0,0,0,0,0,0,0,0,0,0,0,0,0,0,61,2154,1093,737,47503,47715,23184,7632,14686,14333,32455,15598,9849,10395,2365
87,3462,1574,2167,56048,48535,28275,8417,38343,39638,71069,31113,50721,46313,20152,39,1033,573,168,22027,23787,10392,4228,3329,3327,6821,3705,994,1107,99,0,0,0,0,0,0,0,0,0,0,0,0,0,0,0,0,0,0,0,0,0,0,0,0,0,0,0,0,0,0
0,0,0,0,0,0,0,0,0,0,0,0,0,0,0,45,1196,763,227,22657,31070,12221,6497,4707,3605,9174,5796,1483,1726,171,0,0,0,0,0,0,0,0,0,0,0,0,0,0,0,0,0,0,0,0,0,0,0,0,0,0,0,0,0,0
0,0,0,0,0,0,0,0,0,0,0,0,0,0,0,54,1307,1106,325,22775,40716,11966,11527,6408,3570,11953,9978,1893,2975,324,54,1511,1036,395,29797,41821,14933,9345,8114,5803,15796,10892,3119,4053,514,62,2199,1202,689,48215,51923,23483,9695,16505,15101,30272,16730,9467,9575,1820
76,3520,1171,1679,65565,42235,34283,5479,33233,46165,64409,19546,45445,31125,14150,34,975,446,115,21224,19494,10603,3000,2985,3304,5037,2329,837,614,41,38,1221,524,179,28686,24385,13938,3496,4732,5569,8258,3578,1535,1220,142,60,2160,1115,655,48935,49362,23430,8516,15501,15120,29038,15097,9019,8928,1679
0,0,0,0,0,0,0,0,0,0,0,0,0,0,0,0,0,0,0,0,0,0,0,0,0,0,0,0,0,0,0,0,0,0,0,0,0,0,0,0,0,0,0,0,0,56,2111,922,618,47860,42619,24648,5932,13310,14889,28942,11957,8962,8078,1753
0,0,0,0,0,0,0,0,0,0,0,0,0,0,0,0,0,0,0,0,0,0,0,0,0,0,0,0,0,0,0,0,0,0,0,0,0,0,0,0,0,0,0,0,0,0,0,0,0,0,0,0,0,0,0,0,0,0,0,0
0,0,0,0,0,0,0,0,0,0,0,0,0,0,0,0,0,0,0,0,0,0,0,0,0,0,0,0,0,0,0,0,0,0,0,0,0,0,0,0,0,0,0,0,0,57,2101,1001,595,49391,45624,23487,7154,14050,15080,27124,12970,8404,7653,1483
0,0,0,0,0,0,0,0,0,0,0,0,0,0,0,0,0,0,0,0,0,0,0,0,0,0,0,0,0,0,0,0,0,0,0,0,0,0,0,0,0,0,0,0,0,0,0,0,0,0,0,0,0,0,0,0,0,0,0,0
101,3225,2111,2939,37250,51144,23277,13165,42101,27516,75872,48367,55641,72760,32358,0,0,0,0,0,0,0,0,0,0,0,0,0,0,0,0,0,0,0,0,0,0,0,0,0,0,0,0,0,0,62,2211,1187,704,47452,51487,24258,9293,16528,15009,30692,16724,9818,9893,1910
83,3619,1466,1937,55414,46758,35279,8050,40856,42743,66068,27448,51110,39700,16683,0,0,0,0,0,0,0,0,0,0,0,0,0,0,0,0,0,0,0,0,0,0,0,0,0,0,0,0,0,0,72,2254,1540,1016,42443,59506,21735,13058,18441,13199,39590,25757,12028,17112,3713
96,3377,1904,2656,41808,50489,27487,11197,41876,31120,74628,41512,55973,62361,27810,0,0,0,0,0,0,0,0,0,0,0,0,0,0,0,0,0,0,0,0,0,0,0,0,0,0,0,0,0,0,0,0,0,0,0,0,0,0,0,0,0,0,0,0,0
0,0,0,0,0,0,0,0,0,0,0,0,0,0,0,0,0,0,0,0,0,0,0,0,0,0,0,0,0,0,0,0,0,0,0,0,0,0,0,0,0,0,0,0,0,0,0,0,0,0,0,0,0,0,0,0,0,0,0,0
0,0,0,0,0,0,0,0,0,0,0,0,0,0,0,0,0,0,0,0,0,0,0,0,0,0,0,0,0,0,0,0,0,0,0,0,0,0,0,0,0,0,0,0,0,0,0,0,0,0,0,0,0,0,0,0,0,0,0,0
0,0,0,0,0,0,0,0,0,0,0,0,0,0,0,0,0,0,0,0,0,0,0,0,0,0,0,0,0,0,0,0,0,0,0,0,0,0,0,0,0,0,0,0,0,0,0,0,0,0,0,0,0,0,0,0,0,0,0,0
0,0,0,0,0,0,0,0,0,0,0,0,0,0,0,0,0,0,0,0,0,0,0,0,0,0,0,0,0,0,0,0,0,0,0,0,0,0,0,0,0,0,0,0,0,55,2075,922,563,49302,43123,23692,6292,13319,15194,26297,11474,7996,7042,1427
0,0,0,0,0,0,0,0,0,0,0,0,0,0,0,0,0,0,0,0,0,0,0,0,0,0,0,0,0,0,0,0,0,0,0,0,0,0,0,0,0,0,0,0,0,0,0,0,0,0,0,0,0,0,0,0,0,0,0,0
0,0,0,0,0,0,0,0,0,0,0,0,0,0,0,0,0,0,0,0,0,0,0,0,0,0,0,0,0,0,0,0,0,0,0,0,0,0,0,0,0,0,0,0,0,0,0,0,0,0,0,0,0,0,0,0,0,0,0,0
0,0,0,0,0,0,0,0,0,0,0,0,0,0,0,32,925,392,104,20366,17279,10233,2468,2565,3133,4668,1923,799,510,59,0,0,0,0,0,0,0,0,0,0,0,0,0,0,0,0,0,0,0,0,0,0,0,0,0,0,0,0,0,0
93,3353,1734,2544,47257,48609,26365,9271,38383,33273,76237,36179,53432,57623,26693,35,990,452,143,21135,19625,10647,2828,2958,3306,6267,2800,926,832,85,0,0,0,0,0,0,0,0,0,0,0,0,0,0,0,56,2100,939,601,48791,43367,23933,6314,13455,14979,27963,11952,8630,7860,1594
84,3510,1441,2045,57334,46428,31650,7130,36874,40699,69974,27383,50590,42006,18765,36,1044,482,148,21454,21180,11611,3191,3349,3452,6520,2966,1071,883,100,46,1359,755,280,29658,32382,14462,5915,6076,5692,12139,6515,2241,2445,305,0,0,0,0,0,0,0,0,0,0,0,0,0,0,0
88,3472,1601,2227,53398,48541,29207,8733,38944,38378,71757,31713,51939,48061,21229,41,1098,637,183,22368,26266,11289,4982,3834,3482,7596,4326,1195,1245,107,0,0,0,0,0,0,0,0,0,0,0,0,0,0,0,62,2216,1161,730,46624,50671,24436,8707,16296,14971,31931,16567,9991,10405,2141
0,0,0,0,0,0,0,0,0,0,0,0,0,0,0,0,0,0,0,0,0,0,0,0,0,0,0,0,0,0,50,1431,875,350,29581,36239,14655,7205,6883,5644,14572,8449,2771,3487,459,53,2058,848,530,49168,40369,24091,5441,12798,15393,25415,10220,7818,6485,1280
0,0,0,0,0,0,0,0,0,0,0,0,0,0,0,0,0,0,0,0,0,0,0,0,0,0,0,0,0,0,46,1353,759,276,30068,32243,13892,5973,6166,5673,11922,6548,2194,2381,278,0,0,0,0,0,0,0,0,0,0,0,0,0,0,0
93,3382,1755,2523,47025,49067,26950,9578,39361,33527,75343,37001,54006,56969,26218,26,788,234,91,18110,10935,9121,976,1636,2788,4177,1119,658,450,55,0,0,0,0,0,0,0,0,0,0,0,0,0,0,0,67,2245,1345,866,45091,55139,23014,10823,17612,14008,35681,20760,11063,13436,2886
95,3343,1865,2600,46121,50655,24776,10674,40186,32970,75345,40357,53935,60709,26675,0,0,0,0,0,0,0,0,0,0,0,0,0,0,0,44,1295,716,230,30237,31146,13385,5735,5548,5500,9823,5549,1810,1769,191,65,2185,1264,816,46529,52896,22404,9878,15914,14172,34410,18780,10353,12438,2584
90,3430,1685,2320,52495,49329,26979,9380,39553,37314,72983,34494,51926,51152,22454,0,0,0,0,0,0,0,0,0,0,0,0,0,0,0,0,0,0,0,0,0,0,0,0,0,0,0,0,0,0,0,0,0,0,0,0,0,0,0,0,0,0,0,0,0
0,0,0,0,0,0,0,0,0,0,0,0,0,0,0,47,1197,815,266,22759,31700,11542,6894,4902,3496,10352,6917,1603,2159,245,0,0,0,0,0,0,0,0,0,0,0,0,0,0,0,59,2173,1043,668,47531,46945,24645,7372,14998,15049,30221,14139,9436,9057,1941
98,3277,1995,2758,42961,51303,23223,12217,41082,30554,75250,44205,54576,66459,29215,32,913,378,118,20313,16626,9822,2207,2457,3079,5141,2034,811,651,68,43,1302,660,243,29521,28901,14160,4817,5447,5527,10815,5336,2037,1937,251,56,2146,938,602,47816,43723,25711,6343,14113,15138,28093,11894,8994,7835,1648
102,3211,2186,2965,36886,52322,22524,14234,42604,27373,75119,50835,55831,74228,32403,0,0,0,0,0,0,0,0,0,0,0,0,0,0,0,0,0,0,0,0,0,0,0,0,0,0,0,0,0,0,0,0,0,0,0,0,0,0,0,0,0,0,0,0,0
95,3331,1827,2638,45057,49537,25893,9970,39167,31631,75945,39504,54649,60993,27948,0,0,0,0,0,0,0,0,0,0,0,0,0,0,0,0,0,0,0,0,0,0,0,0,0,0,0,0,0,0,0,0,0,0,0,0,0,0,0,0,0,0,0,0,0
0,0,0,0,0,0,0,0,0,0,0,0,0,0,0,0,0,0,0,0,0,0,0,0,0,0,0,0,0,0,0,0,0,0,0,0,0,0,0,0,0,0,0,0,0,0,0,0,0,0,0,0,0,0,0,0,0,0,0,0
0,0,0,0,0,0,0,0,0,0,0,0,0,0,0,0,0,0,0,0,0,0,0,0,0,0,0,0,0,0,0,0,0,0,0,0,0,0,0,0,0,0,0,0,0,0,0,0,0,0,0,0,0,0,0,0,0,0,0,0
0,0,0,0,0,0,0,0,0,0,0,0,0,0,0,49,1245,887,289,22573,34264,12119,7972,5369,3496,11228,7626,1765,2521,305,0,0,0,0,0,0,0,0,0,0,0,0,0,0,0,0,0,0,0,0,0,0,0,0,0,0,0,0,0,0
0,0,0,0,0,0,0,0,0,0,0,0,0,0,0,41,1079,611,209,22014,24837,10876,4365,3668,3348,8515,4610,1236,1514,171,44,1397,702,244,29743,31811,15961,5399,6387,5902,10878,5642,2304,2003,200,0,0,0,0,0,0,0,0,0,0,0,0,0,0,0
85,3608,1543,2027,53672,47748,34403,8500,41633,41078,67078,30038,52490,42493,17739,40,1107,621,159,22409,26281,11758,4979,3992,3593,6736,3854,1086,953,94,36,1190,449,181,27741,21376,14232,2591,4156,5373,8628,3105,1667,1283,161,0,0,0,0,0,0,0,0,0,0,0,0,0,0,0
95,3419,1894,2571,43118,50153,28119,11371,43233,32493,72357,40795,56205,60439,25810,0,0,0,0,0,0,0,0,0,0,0,0,0,0,0,41,1275,591,229,28852,26598,14418,3988,5083,5536,10256,4638,1990,1809,225,58,2077,1020,633,49651,45807,22026,7317,13603,14690,28602,13308,8387,8553,1678
97,3358,1976,2680,41585,50981,26398,12076,43185,31232,74037,43936,55490,63620,27808,0,0,0,0,0,0,0,0,0,0,0,0,0,0,0,39,1245,525,216,28199,24104,14523,3242,4603,5398,10022,4019,1989,1661,217,49,2001,722,454,48904,35915,24811,4214,11558,15506,22835,8106,7091,5080,1024
98,3279,1993,2760,42442,51118,23652,12147,41123,30434,75975,44544,54362,65799,29606,32,904,382,114,20226,16610,9737,2251,2432,3087,5026,2048,762,611,50,37,1270,481,185,27791,23200,15893,2949,4895,5895,9038,3333,1846,1322,166,0,0,0,0,0,0,0,0,0,0,0,0,0,0,0
90,3491,1661,2344,48156,48026,31439,9200,40516,35393,72005,33436,54818,51696,23148,40,1096,592,188,22190,24844,11506,4292,3842,3509,7728,4142,1244,1336,110,38,1262,519,184,28640,24560,14957,3389,4962,5725,8684,3600,1763,1317,130,0,0,0,0,0,0,0,0,0,0,0,0,0,0,0
100,3257,2077,2873,38671,51340,24242,12746,41885,28168,74875,47359,56229,70590,31005,38,1053,524,179,21773,22384,11063,3475,3262,3348,7655,3623,1199,1193,145,29,1015,308,98,25260,15526,12782,1582,3033,5083,4956,1556,936,458,58,0,0,0,0,0,0,0,0,0,0,0,0,0,0,0
91,3461,1695,2400,47976,48805,30068,9109,40021,34770,73313,35296,54665,52936,24144,33,973,402,126,20880,18023,10854,2417,2829,3382,5603,2260,926,691,88,0,0,0,0,0,0,0,0,0,0,0,0,0,0,0,64,2217,1225,791,46066,52124,23734,9374,16358,14376,33781,18083,10525,11662,2545
90,3494,1691,2314,48938,48895,30386,9536,41669,36892,71377,34565,53678,51070,22309,0,0,0,0,0,0,0,0,0,0,0,0,0,0,0,0,0,0,0,0,0,0,0,0,0,0,0,0,0,0,0,0,0,0,0,0,0,0,0,0,0,0,0,0,0
0,0,0,0,0,0,0,0,0,0,0,0,0,0,0,41,1124,602,218,21862,25108,11899,4209,3928,3403,9150,4607,1423,1637,207,0,0,0,0,0,0,0,0,0,0,0,0,0,0,0,0,0,0,0,0,0,0,0,0,0,0,0,0,0,0
93,3381,1765,2513,47442,49280,27157,9783,39599,33541,74614,37161,53980,56944,25878,0,0,0,0,0,0,0,0,0,0,0,0,0,0,0,24,886,205,71,22802,10845,11834,836,2145,4518,3741,845,751,312,31,0,0,0,0,0,0,0,0,0,0,0,0,0,0,0
0,0,0,0,0,0,0,0,0,0,0,0,0,0,0,41,1079,614,206,21998,24782,11056,4464,3667,3196,8478,4552,1283,1450,194,0,0,0,0,0,0,0,0,0,0,0,0,0,0,0,0,0,0,0,0,0,0,0,0,0,0,0,0,0,0
0,0,0,0,0,0,0,0,0,0,0,0,0,0,0,0,0,0,0,0,0,0,0,0,0,0,0,0,0,0,40,1285,585,195,29225,26952,14671,4146,5337,5701,8921,4212,1784,1368,154,0,0,0,0,0,0,0,0,0,0,0,0,0,0,0
0,0,0,0,0,0,0,0,0,0,0,0,0,0,0,0,0,0,0,0,0,0,0,0,0,0,0,0,0,0,46,1373,749,286,29566,32290,14600,5744,6195,5714,12575,6595,2265,2534,307,0,0,0,0,0,0,0,0,0,0,0,0,0,0,0
91,3521,1791,2304,48418,51269,30448,11163,43648,37036,69597,36998,54364,51914,21410,35,998,452,143,21361,19779,10755,2882,2951,3284,6265,2702,993,866,95,44,1303,680,266,29608,29257,13763,4895,5529,5383,11426,5831,2144,2213,305,45,1888,594,396,48473,30768,24206,3068,9553,15013,20534,6127,6332,4084,911
97,3348,1968,2688,42028,50747,26164,12085,42717,30800,73751,43430,55738,63845,28080,0,0,0,0,0,0,0,0,0,0,0,0,0,0,0,40,1290,557,223,28616,25802,15012,3599,5032,5665,10336,4324,2054,1721,236,0,0,0,0,0,0,0,0,0,0,0,0,0,0,0
86,3470,1483,2172,55137,46083,30418,7272,36810,38533,72265,28790,51491,45176,21102,0,0,0,0,0,0,0,0,0,0,0,0,0,0,0,40,1251,539,241,28532,24609,13941,3219,4603,5422,10934,4444,2020,1937,280,0,0,0,0,0,0,0,0,0,0,0,0,0,0,0
89,3494,1672,2244,51621,49808,29674,9568,40664,38284,71216,33845,52560,49070,21081,0,0,0,0,0,0,0,0,0,0,0,0,0,0,0,0,0,0,0,0,0,0,0,0,0,0,0,0,0,0,55,2093,906,579,48902,42215,24071,5952,13336,15123,27161,11395,8487,7372,1516
0,0,0,0,0,0,0,0,0,0,0,0,0,0,0,0,0,0,0,0,0,0,0,0,0,0,0,0,0,0,0,0,0,0,0,0,0,0,0,0,0,0,0,0,0,62,2176,1140,751,46964,49147,23261,8299,15426,14533,32771,16319,9983,10865,2337
0,0,0,0,0,0,0,0,0,0,0,0,0,0,0,40,1072,582,198,21847,23833,11137,4129,3574,3270,8231,4153,1298,1423,175,0,0,0,0,0,0,0,0,0,0,0,0,0,0,0,58,2135,1009,644,48456,45533,24014,6935,14334,14852,29216,13550,9139,8599,1772
0,0,0,0,0,0,0,0,0,0,0,0,0,0,0,37,1026,503,163,21558,21356,10702,3360,3238,3323,6858,3239,1123,1047,124,39,1280,531,210,28393,24984,15264,3369,4991,5729,9854,3983,1910,1574,213,81,2275,1982,1258,37756,68492,19791,19597,21439,11623,43422,36921,13604,23945,4857
0,0,0,0,0,0,0,0,0,0,0,0,0,0,0,34,976,438,123,20859,19154,10919,2850,2939,3252,5458,2397,859,672,65,0,0,0,0,0,0,0,0,0,0,0,0,0,0,0,56,2117,948,592,48743,43815,24455,6436,13921,15140,27522,12155,8628,7574,1555
91,3568,1835,2260,48042,52108,31369,11884,45764,37750,67402,38099,55041,51465,20037,0,0,0,0,0,0,0,0,0,0,0,0,0,0,0,40,1251,554,226,28607,25173,14065,3521,4813,5459,10132,4358,1929,1773,228,54,2103,869,562,48455,41252,25270,5620,13408,15224,26721,10705,8335,6918,1561
0,0,0,0,0,0,0,0,0,0,0,0,0,0,0,30,833,332,103,19721,14464,8638,1790,1946,2787,4503,1706,649,514,50,46,1338,746,289,29738,31762,13800,5669,5769,5519,12390,6589,2260,2639,283,68,2260,1413,865,45227,57403,22955,11978,18284,14162,35401,21884,11024,13556,2698
94,3374,1822,2549,46348,50704,26706,10646,39694,33043,74874,38543,54408,58600,26255,23,724,206,47,16821,9910,8906,966,1485,2744,2280,629,384,170,6,0,0,0,0,0,0,0,0,0,0,0,0,0,0,0,63,2189,1220,733,48088,52336,22788,9729,16109,14673,31638,17355,9763,10523,2104
83,3615,1429,1974,54315,45629,36304,7295,39467,41482,67049,26794,52409,40276,17516,0,0,0,0,0,0,0,0,0,0,0,0,0,0,0,46,1384,755,280,29668,32589,14825,5873,6367,5778,12271,6597,2343,2407,303,0,0,0,0,0,0,0,0,0,0,0,0,0,0,0
0,0,0,0,0,0,0,0,0,0,0,0,0,0,0,0,0,0,0,0,0,0,0,0,0,0,0,0,0,0,0,0,0,0,0,0,0,0,0,0,0,0,0,0,0,64,2244,1246,770,46213,53350,24329,9895,16872,14675,33240,18137,10519,11293,2339
86,3515,1554,2101,55201,48684,30702,8667,39154,40521,69871,30102,50956,44331,19240,30,886,338,97,19897,15188,9891,1895,2361,3061,4448,1658,668,463,44,0,0,0,0,0,0,0,0,0,0,0,0,0,0,0,0,0,0,0,0,0,0,0,0,0,0,0,0,0,0
97,3323,1941,2715,42010,50356,25602,11592,41601,30623,75444,42854,55003,63911,29083,32,902,373,123,20076,16262,9796,2098,2357,2972,5368,2112,809,672,78,50,1442,909,316,30049,37706,14835,7971,7289,5886,13320,8405,2527,2909,315,0,0,0,0,0,0,0,0,0,0,0,0,0,0,0
0,0,0,0,0,0,0,0,0,0,0,0,0,0,0,32,945,365,131,20236,16292,10661,1952,2594,3267,5915,2158,950,778,72,0,0,0,0,0,0,0,0,0,0,0,0,0,0,0,58,2147,1021,632,48427,46144,24114,7300,14780,15161,28887,13452,8894,8372,1732
0,0,0,0,0,0,0,0,0,0,0,0,0,0,0,43,1143,672,231,22251,27330,11683,5144,4170,3465,9372,5151,1482,1818,228,31,1071,357,108,26317,17587,13223,2031,3532,5178,5231,1845,1124,570,49,48,2009,711,417,48709,35886,25621,4314,11730,15929,21219,7627,6929,4510,845
92,3387,1719,2467,48852,48674,27062,9162,38843,34364,74875,36098,53491,55028,25292,0,0,0,0,0,0,0,0,0,0,0,0,0,0,0,0,0,0,0,0,0,0,0,0,0,0,0,0,0,0,67,2282,1360,851,44618,56254,24024,11152,18128,14252,35478,20935,11312,13074,2744
0,0,0,0,0,0,0,0,0,0,0,0,0,0,0,39,1051,552,189,21780,22785,10679,3777,3444,3360,7855,3878,1205,1337,147,0,0,0,0,0,0,0,0,0,0,0,0,0,0,0,47,1942,660,421,48866,33192,24484,3656,10601,15195,21444,7144,6747,4444,971
89,3451,1623,2293,52293,48298,28992,8565,38680,36959,72712,32906,52659,49694,22399,45,1158,744,246,22564,29376,11309,6015,4436,3426,9730,5988,1487,1971,216,37,1205,477,189,27996,22355,14052,2881,4275,5458,8957,3348,1759,1356,185,66,2224,1334,811,46816,55242,22476,10925,17330,14424,34004,20178,10327,12245,2412
96,3359,1945,2615,44481,51865,25372,12074,42006,32685,73960,42547,54634,61514,26745,34,967,436,125,20919,18903,10476,2798,2950,3278,5446,2422,831,714,50,0,0,0,0,0,0,0,0,0,0,0,0,0,0,0,0,0,0,0,0,0,0,0,0,0,0,0,0,0,0
83,3537,1423,1980,58107,45825,32564,7235,37770,41702,68307,26729,50181,40100,17817,31,877,364,101,20046,16029,9261,2202,2287,2952,4437,1708,635,534,51,38,1214,506,197,28278,23535,13882,3169,4328,5430,9201,3635,1763,1439,193,53,2069,841,537,48551,40222,24667,5346,12828,15461,25654,10147,8028,6559,1374
86,3537,1555,2100,54754,48132,31503,8533,39828,40123,69069,30295,51894,44431,19081,0,0,0,0,0,0,0,0,0,0,0,0,0,0,0,34,1175,416,145,27427,20578,14554,2449,4079,5513,7171,2528,1434,909,98,0,0,0,0,0,0,0,0,0,0,0,0,0,0,0
103,3081,2135,3118,36372,50367,20148,12751,38625,25287,78305,49429,54170,78524,36147,34,942,423,138,20752,18061,9884,2571,2677,3037,5873,2501,899,821,91,0,0,0,0,0,0,0,0,0,0,0,0,0,0,0,0,0,0,0,0,0,0,0,0,0,0,0,0,0,0
0,0,0,0,0,0,0,0,0,0,0,0,0,0,0,0,0,0,0,0,0,0,0,0,0,0,0,0,0,0,44,1363,694,252,29482,31049,15167,5209,5957,5867,11268,5730,2189,2061,244,0,0,0,0,0,0,0,0,0,0,0,0,0,0,0
87,3512,1582,2159,53613,48242,30839,8648,39843,39332,70282,31271,51911,45984,20092,0,0,0,0,0,0,0,0,0,0,0,0,0,0,0,42,1287,612,249,29145,27277,14060,4115,5109,5519,11062,5031,2105,2073,261,0,0,0,0,0,0,0,0,0,0,0,0,0,0,0
89,3535,1667,2249,49324,48591,32022,9669,42119,37425,70261,33394,53995,49234,21267,43,1110,696,207,22812,27636,10693,5630,4165,3444,8196,5077,1229,1492,142,41,1280,589,231,29023,26754,14352,3945,4946,5527,10458,4645,2048,1846,224,0,0,0,0,0,0,0,0,0,0,0,0,0,0,0
0,0,0,0,0,0,0,0,0,0,0,0,0,0,0,0,0,0,0,0,0,0,0,0,0,0,0,0,0,0,39,1199,547,194,28603,24356,13154,3654,4603,5352,8768,3960,1616,1357,168,54,2085,885,546,49131,41918,24455,5872,13192,15434,25975,10804,8114,6796,1332
0,0,0,0,0,0,0,0,0,0,0,0,0,0,0,42,1084,646,215,22195,25603,10430,4835,3817,3350,8715,4884,1246,1567,194,36,1196,453,177,27722,21621,14289,2635,4236,5497,8489,3162,1639,1173,170,0,0,0,0,0,0,0,0,0,0,0,0,0,0,0
0,0,0,0,0,0,0,0,0,0,0,0,0,0,0,36,957,483,147,21347,20103,9680,3175,2754,3099,6088,3012,898,873,80,37,1180,474,192,27962,21790,13498,2809,4208,5311,8966,3398,1654,1367,196,0,0,0,0,0,0,0,0,0,0,0,0,0,0,0
0,0,0,0,0,0,0,0,0,0,0,0,0,0,0,33,975,391,137,20647,17630,10986,2206,2717,3279,6136,2336,1000,831,83,36,1168,454,176,27840,21338,13464,2675,4122,5327,8200,3100,1549,1211,154,0,0,0,0,0,0,0,0,0,0,0,0,0,0,0
0,0,0,0,0,0,0,0,0,0,0,0,0,0,0,0,0,0,0,0,0,0,0,0,0,0,0,0,0,0,0,0,0,0,0,0,0,0,0,0,0,0,0,0,0,0,0,0,0,0,0,0,0,0,0,0,0,0,0,0
0,0,0,0,0,0,0,0,0,0,0,0,0,0,0,0,0,0,0,0,0,0,0,0,0,0,0,0,0,0,38,1196,511,192,28443,23407,13305,3253,4412,5309,8755,3626,1633,1385,172,0,0,0,0,0,0,0,0,0,0,0,0,0,0,0
0,0,0,0,0,0,0,0,0,0,0,0,0,0,0,0,0,0,0,0,0,0,0,0,0,0,0,0,0,0,0,0,0,0,0,0,0,0,0,0,0,0,0,0,0,0,0,0,0,0,0,0,0,0,0,0,0,0,0,0
0,0,0,0,0,0,0,0,0,0,0,0,0,0,0,0,0,0,0,0,0,0,0,0,0,0,0,0,0,0,0,0,0,0,0,0,0,0,0,0,0,0,0,0,0,0,0,0,0,0,0,0,0,0,0,0,0,0,0,0
0,0,0,0,0,0,0,0,0,0,0,0,0,0,0,0,0,0,0,0,0,0,0,0,0,0,0,0,0,0,0,0,0,0,0,0,0,0,0,0,0,0,0,0,0,0,0,0,0,0,0,0,0,0,0,0,0,0,0,0
0,0,0,0,0,0,0,0,0,0,0,0,0,0,0,0,0,0,0,0,0,0,0,0,0,0,0,0,0,0,0,0,0,0,0,0,0,0,0,0,0,0,0,0,0,0,0,0,0,0,0,0,0,0,0,0,0,0,0,0
0,0,0,0,0,0,0,0,0,0,0,0,0,0,0,0,0,0,0,0,0,0,0,0,0,0,0,0,0,0,0,0,0,0,0,0,0,0,0,0,0,0,0,0,0,0,0,0,0,0,0,0,0,0,0,0,0,0,0,0
0,0,0,0,0,0,0,0,0,0,0,0,0,0,0,0,0,0,0,0,0,0,0,0,0,0,0,0,0,0,0,0,0,0,0,0,0,0,0,0,0,0,0,0,0,0,0,0,0,0,0,0,0,0,0,0,0,0,0,0
0,0,0,0,0,0,0,0,0,0,0,0,0,0,0,0,0,0,0,0,0,0,0,0,0,0,0,0,0,0,42,1326,623,238,28861,28223,15313,4364,5478,5742,10943,4925,2122,1978,213,0,0,0,0,0,0,0,0,0,0,0,0,0,0,0
0,0,0,0,0,0,0,0,0,0,0,0,0,0,0,0,0,0,0,0,0,0,0,0,0,0,0,0,0,0,0,0,0,0,0,0,0,0,0,0,0,0,0,0,0,0,0,0,0,0,0,0,0,0,0,0,0,0,0,0
0,0,0,0,0,0,0,0,0,0,0,0,0,0,0,34,977,426,135,20952,18776,10567,2604,2832,3290,5905,2532,948,756,92,40,1308,561,219,28625,26231,15367,3673,5229,5881,10241,4306,2041,1687,214,0,0,0,0,0,0,0,0,0,0,0,0,0,0,0
0,0,0,0,0,0,0,0,0,0,0,0,0,0,0,29,879,313,93,19450,14502,10159,1677,2228,3131,4260,1483,697,454,40,40,1304,570,210,28765,26512,15426,3823,5252,5719,9828,4321,2006,1549,187,0,0,0,0,0,0,0,0,0,0,0,0,0,0,0
0,0,0,0,0,0,0,0,0,0,0,0,0,0,0,0,0,0,0,0,0,0,0,0,0,0,0,0,0,0,0,0,0,0,0,0,0,0,0,0,0,0,0,0,0,0,0,0,0,0,0,0,0,0,0,0,0,0,0,0
0,0,0,0,0,0,0,0,0,0,0,0,0,0,0,0,0,0,0,0,0,0,0,0,0,0,0,0,0,0,0,0,0,0,0,0,0,0,0,0,0,0,0,0,0,0,0,0,0,0,0,0,0,0,0,0,0,0,0,0
0,0,0,0,0,0,0,0,0,0,0,0,0,0,0,0,0,0,0,0,0,0,0,0,0,0,0,0,0,0,0,0,0,0,0,0,0,0,0,0,0,0,0,0,0,0,0,0,0,0,0,0,0,0,0,0,0,0,0,0
0,0,0,0,0,0,0,0,0,0,0,0,0,0,0,0,0,0,0,0,0,0,0,0,0,0,0,0,0,0,0,0,0,0,0,0,0,0,0,0,0,0,0,0,0,0,0,0,0,0,0,0,0,0,0,0,0,0,0,0
0,0,0,0,0,0,0,0,0,0,0,0,0,0,0,0,0,0,0,0,0,0,0,0,0,0,0,0,0,0,0,0,0,0,0,0,0,0,0,0,0,0,0,0,0,0,0,0,0,0,0,0,0,0,0,0,0,0,0,0
0,0,0,0,0,0,0,0,0,0,0,0,0,0,0,0,0,0,0,0,0,0,0,0,0,0,0,0,0,0,0,0,0,0,0,0,0,0,0,0,0,0,0,0,0,0,0,0,0,0,0,0,0,0,0,0,0,0,0,0
0,0,0,0,0,0,0,0,0,0,0,0,0,0,0,29,844,319,87,19353,14351,9237,1770,2102,2994,3961,1460,558,383,41,0,0,0,0,0,0,0,0,0,0,0,0,0,0,0,0,0,0,0,0,0,0,0,0,0,0,0,0,0,0
0,0,0,0,0,0,0,0,0,0,0,0,0,0,0,0,0,0,0,0,0,0,0,0,0,0,0,0,0,0,0,0,0,0,0,0,0,0,0,0,0,0,0,0,0,0,0,0,0,0,0,0,0,0,0,0,0,0,0,0
0,0,0,0,0,0,0,0,0,0,0,0,0,0,0,32,977,384,112,20505,17784,11541,2310,2863,3396,5049,2014,864,562,74,0,0,0,0,0,0,0,0,0,0,0,0,0,0,0,0,0,0,0,0,0,0,0,0,0,0,0,0,0,0
0,0,0,0,0,0,0,0,0,0,0,0,0,0,0,0,0,0,0,0,0,0,0,0,0,0,0,0,0,0,44,1344,692,254,29312,30340,14714,5173,5830,5769,11462,5728,2165,2089,254,70,2227,1472,943,44692,58279,21589,12454,17661,13529,37466,23681,11298,15372,3233
0,0,0,0,0,0,0,0,0,0,0,0,0,0,0,0,0,0,0,0,0,0,0,0,0,0,0,0,0,0,39,1248,529,212,28463,24373,14356,3393,4739,5429,9727,3841,1923,1712,193,0,0,0,0,0,0,0,0,0,0,0,0,0,0,0
0,0,0,0,0,0,0,0,0,0,0,0,0,0,0,0,0,0,0,0,0,0,0,0,0,0,0,0,0,0,43,1309,643,260,29250,28411,14287,4415,5312,5530,11577,5486,2183,2146,294,0,0,0,0,0,0,0,0,0,0,0,0,0,0,0
0,0,0,0,0,0,0,0,0,0,0,0,0,0,0,0,0,0,0,0,0,0,0,0,0,0,0,0,0,0,32,1076,361,135,26591,17577,12670,1918,3327,5122,6635,2130,1245,816,96,0,0,0,0,0,0,0,0,0,0,0,0,0,0,0
0,0,0,0,0,0,0,0,0,0,0,0,0,0,0,0,0,0,0,0,0,0,0,0,0,0,0,0,0,0,0,0,0,0,0,0,0,0,0,0,0,0,0,0,0,0,0,0,0,0,0,0,0,0,0,0,0,0,0,0
0,0,0,0,0,0,0,0,0,0,0,0,0,0,0,0,0,0,0,0,0,0,0,0,0,0,0,0,0,0,0,0,0,0,0,0,0,0,0,0,0,0,0,0,0,0,0,0,0,0,0,0,0,0,0,0,0,0,0,0
0,0,0,0,0,0,0,0,0,0,0,0,0,0,0,44,1154,703,243,22355,28416,11623,5479,4231,3418,9772,5570,1486,1949,246,0,0,0,0,0,0,0,0,0,0,0,0,0,0,0,0,0,0,0,0,0,0,0,0,0,0,0,0,0,0
0,0,0,0,0,0,0,0,0,0,0,0,0,0,0,43,1140,672,231,22253,27204,11469,5104,4173,3413,9498,5230,1416,1780,227,0,0,0,0,0,0,0,0,0,0,0,0,0,0,0,55,2097,919,566,48778,43032,24647,6290,13497,15236,26566,11396,8323,7045,1504
93,3326,1728,2550,48508,48507,25249,9135,37463,33320,76975,36145,52792,57553,26933,0,0,0,0,0,0,0,0,0,0,0,0,0,0,0,0,0,0,0,0,0,0,0,0,0,0,0,0,0,0,59,2186,1043,668,47220,47079,25150,7377,15031,15030,30323,14129,9662,9062,1941
0,0,0,0,0,0,0,0,0,0,0,0,0,0,0,0,0,0,0,0,0,0,0,0,0,0,0,0,0,0,0,0,0,0,0,0,0,0,0,0,0,0,0,0,0,0,0,0,0,0,0,0,0,0,0,0,0,0,0,0
0,0,0,0,0,0,0,0,0,0,0,0,0,0,0,0,0,0,0,0,0,0,0,0,0,0,0,0,0,0,0,0,0,0,0,0,0,0,0,0,0,0,0,0,0,59,2152,1057,654,48430,47504,23843,7657,14713,14984,29390,14168,9248,8942,1742
0,0,0,0,0,0,0,0,0,0,0,0,0,0,0,0,0,0,0,0,0,0,0,0,0,0,0,0,0,0,0,0,0,0,0,0,0,0,0,0,0,0,0,0,0,0,0,0,0,0,0,0,0,0,0,0,0,0,0,0
0,0,0,0,0,0,0,0,0,0,0,0,0,0,0,0,0,0,0,0,0,0,0,0,0,0,0,0,0,0,0,0,0,0,0,0,0,0,0,0,0,0,0,0,0,0,0,0,0,0,0,0,0,0,0,0,0,0,0,0
0,0,0,0,0,0,0,0,0,0,0,0,0,0,0,25,748,230,70,17782,10557,8381,1033,1559,2697,3317,948,480,295,24,0,0,0,0,0,0,0,0,0,0,0,0,0,0,0,62,2198,1174,717,47668,51115,23620,9077,15963,14724,31383,16513,9827,10183,2047
0,0,0,0,0,0,0,0,0,0,0,0,0,0,0,0,0,0,0,0,0,0,0,0,0,0,0,0,0,0,0,0,0,0,0,0,0,0,0,0,0,0,0,0,0,63,2223,1191,762,46475,51194,24187,9001,16436,14466,32974,17277,10393,11094,2339
0,0,0,0,0,0,0,0,0,0,0,0,0,0,0,37,1030,487,179,21282,20823,11052,3028,3118,3303,7633,3375,1194,1211,156,0,0,0,0,0,0,0,0,0,0,0,0,0,0,0,0,0,0,0,0,0,0,0,0,0,0,0,0,0,0
0,0,0,0,0,0,0,0,0,0,0,0,0,0,0,40,1095,607,173,22279,25475,11455,4652,3817,3557,7198,3978,1199,1154,96,0,0,0,0,0,0,0,0,0,0,0,0,0,0,0,52,2070,812,514,48766,39387,25362,5107,12498,15352,25117,9607,8035,6065,1321
90,3390,1629,2376,51992,48091,27045,8504,37233,35879,74431,32722,52361,52396,23858,36,988,494,136,21547,20982,10216,3436,3118,3201,5630,2851,866,786,67,0,0,0,0,0,0,0,0,0,0,0,0,0,0,0,54,2084,896,535,49148,42362,24392,6076,13365,15376,25400,10914,7980,6536,1278
89,3386,1595,2321,54120,47677,26161,8194,36809,37186,74681,31852,50996,50479,23039,0,0,0,0,0,0,0,0,0,0,0,0,0,0,0,39,1264,534,207,28264,24714,14868,3416,4800,5625,9822,3989,1948,1532,202,55,2164,933,552,48003,44064,26409,6455,14642,15724,26228,11647,8640,6790,1343
0,0,0,0,0,0,0,0,0,0,0,0,0,0,0,35,965,453,142,20768,19240,10255,2858,2805,3133,6122,2769,919,837,81,32,1098,349,147,26559,17148,13506,1733,3413,5153,7146,2174,1459,923,130,0,0,0,0,0,0,0,0,0,0,0,0,0,0,0
0,0,0,0,0,0,0,0,0,0,0,0,0,0,0,39,1024,576,165,22219,23504,10111,4287,3342,3147,6720,3702,1002,1047,103,0,0,0,0,0,0,0,0,0,0,0,0,0,0,0,71,2306,1560,925,43918,61896,23092,14141,19777,13949,36594,25149,11688,14919,2946
100,3233,2103,2847,41094,51822,21493,13262,42094,29970,74741,47805,54658,70698,29935,30,872,336,99,19512,15133,9670,1887,2225,3020,4391,1627,657,493,53,0,0,0,0,0,0,0,0,0,0,0,0,0,0,0,0,0,0,0,0,0,0,0,0,0,0,0,0,0,0
94,3315,1799,2572,48155,49799,24502,10071,38407,33362,76312,38246,52685,58803,26924,44,1139,723,223,22497,28765,11224,5885,4274,3545,8962,5521,1351,1669,169,0,0,0,0,0,0,0,0,0,0,0,0,0,0,0,0,0,0,0,0,0,0,0,0,0,0,0,0,0,0
0,0,0,0,0,0,0,0,0,0,0,0,0,0,0,0,0,0,0,0,0,0,0,0,0,0,0,0,0,0,0,0,0,0,0,0,0,0,0,0,0,0,0,0,0,0,0,0,0,0,0,0,0,0,0,0,0,0,0,0
98,3233,1969,2784,44023,50805,21896,11515,39495,30531,76944,43989,53431,66501,30091,34,997,434,127,20903,19279,11251,2748,3049,3464,5682,2475,921,694,67,47,1347,764,317,29522,32013,13857,5758,5871,5413,13375,7046,2416,3014,397,0,0,0,0,0,0,0,0,0,0,0,0,0,0,0
